YEAR,TECHNOLOGY,COMMODITY,VALUE
2020,AGRCRP001,LNDCRP,205.816742081448
2021,AGRCRP001,LNDCRP,205.662841335802
2022,AGRCRP001,LNDCRP,202.439083224125
2023,AGRCRP001,LNDCRP,209.993247516623
2024,AGRCRP001,LNDCRP,212.293503767475
2025,AGRCRP001,LNDCRP,208.136852352941
2026,AGRCRP001,LNDCRP,208.910744999996
2027,AGRCRP001,LNDCRP,209.756496470587
2028,AGRCRP001,LNDCRP,210.530793529417
2029,AGRCRP001,LNDCRP,211.451745000001
2030,AGRCRP001,LNDCRP,212.225517647059
2031,AGRCRP001,LNDCRP,213.889173076923
2032,AGRCRP001,LNDCRP,215.405365271493
2033,AGRCRP001,LNDCRP,217.143816289599
2034,AGRCRP001,LNDCRP,217.794468642534
2035,AGRCRP001,LNDCRP,218.372977760183
2036,AGRCRP001,LNDCRP,217.847646296855
2037,AGRCRP001,LNDCRP,217.243267560982
2038,AGRCRP001,LNDCRP,216.447626800264
2039,AGRCRP001,LNDCRP,222.75034283448
2040,AGRCRP001,LNDCRP,220.27334117647
2041,AGRCRP001,LNDCRP,225.395640723984
2042,AGRCRP001,LNDCRP,231.234595294118
2043,AGRCRP001,LNDCRP,235.419091764707
2044,AGRCRP001,LNDCRP,239.381449411765
2045,AGRCRP001,LNDCRP,239.468203627279
2046,AGRCRP001,LNDCRP,253.307383529412
2047,AGRCRP001,LNDCRP,258.42936
2048,AGRCRP001,LNDCRP,263.551336470588
2049,AGRCRP001,LNDCRP,269.897934117647
2050,AGRCRP001,LNDCRP,275.452030588226
2051,AGRCRP001,LNDCRP,282.228882352942
2052,AGRCRP001,LNDCRP,289.080814117647
2053,AGRCRP001,LNDCRP,296.079924705885
2054,AGRCRP001,LNDCRP,302.856656470589
2055,AGRCRP001,LNDCRP,309.855767058824
2020,AGRPST001,CTL,4762.8
2021,AGRPST001,CTL,4858.056
2022,AGRPST001,CTL,4953.312
2023,AGRPST001,CTL,5048.568
2024,AGRPST001,CTL,5143.824
2025,AGRPST001,CTL,5270.832
2026,AGRPST001,CTL,5366.088
2027,AGRPST001,CTL,5461.344
2028,AGRPST001,CTL,5588.352
2029,AGRPST001,CTL,5683.608
2030,AGRPST001,CTL,5810.616
2031,AGRPST001,CTL,5937.624
2032,AGRPST001,CTL,6032.88
2033,AGRPST001,CTL,6159.888
2034,AGRPST001,CTL,6286.896
2035,AGRPST001,CTL,6413.904
2036,AGRPST001,CTL,6540.912
2037,AGRPST001,CTL,6667.92
2038,AGRPST001,CTL,6794.928
2039,AGRPST001,CTL,6953.688
2040,AGRPST001,CTL,7080.696
2041,AGRPST001,CTL,7207.704
2042,AGRPST001,CTL,7366.464
2043,AGRPST001,CTL,7525.224
2044,AGRPST001,CTL,7652.232
2045,AGRPST001,CTL,7810.992
2046,AGRPST001,CTL,7969.752
2047,AGRPST001,CTL,8128.51199999999
2048,AGRPST001,CTL,8287.272
2049,AGRPST001,CTL,8446.032
2050,AGRPST001,CTL,8636.544
2051,AGRPST001,CTL,8795.304
2052,AGRPST001,CTL,8985.816
2053,AGRPST001,CTL,9144.576
2054,AGRPST001,CTL,9335.088
2055,AGRPST001,CTL,9525.6
2020,AGRPST001,LND001,3586.44578313253
2021,AGRPST001,LND001,3658.17469879518
2022,AGRPST001,LND001,3729.90361445783
2023,AGRPST001,LND001,3801.63253012048
2024,AGRPST001,LND001,3873.36144578313
2025,AGRPST001,LND001,3969.0
2026,AGRPST001,LND001,4040.72891566265
2027,AGRPST001,LND001,4112.4578313253
2028,AGRPST001,LND001,4208.09638554217
2029,AGRPST001,LND001,4279.82530120482
2030,AGRPST001,LND001,4375.46385542169
2031,AGRPST001,LND001,4471.10240963855
2032,AGRPST001,LND001,4542.8313253012
2033,AGRPST001,LND001,4638.46987951807
2034,AGRPST001,LND001,4734.10843373494
2035,AGRPST001,LND001,4829.74698795181
2036,AGRPST001,LND001,4925.38554216867
2037,AGRPST001,LND001,5021.02409638554
2038,AGRPST001,LND001,5116.66265060241
2039,AGRPST001,LND001,5236.21084337349
2040,AGRPST001,LND001,5331.84939759036
2041,AGRPST001,LND001,5427.48795180723
2042,AGRPST001,LND001,5547.03614457831
2043,AGRPST001,LND001,5666.5843373494
2044,AGRPST001,LND001,5762.22289156627
2045,AGRPST001,LND001,5881.77108433735
2046,AGRPST001,LND001,6001.31927710844
2047,AGRPST001,LND001,6120.86746987951
2048,AGRPST001,LND001,6240.4156626506
2049,AGRPST001,LND001,6359.96385542169
2050,AGRPST001,LND001,6503.42168674699
2051,AGRPST001,LND001,6622.96987951807
2052,AGRPST001,LND001,6766.42771084337
2053,AGRPST001,LND001,6885.97590361446
2054,AGRPST001,LND001,7029.43373493976
2055,AGRPST001,LND001,7172.89156626506
2020,AGRPST001,WATEVT,37.5142228915663
2021,AGRPST001,WATEVT,38.2645073493976
2022,AGRPST001,WATEVT,39.0147918072289
2023,AGRPST001,WATEVT,39.7650762650602
2024,AGRPST001,WATEVT,40.5153607228916
2025,AGRPST001,WATEVT,41.51574
2026,AGRPST001,WATEVT,42.2660244578313
2027,AGRPST001,WATEVT,43.0163089156626
2028,AGRPST001,WATEVT,44.0166881927711
2029,AGRPST001,WATEVT,44.7669726506024
2030,AGRPST001,WATEVT,45.7673519277108
2031,AGRPST001,WATEVT,46.7677312048193
2032,AGRPST001,WATEVT,47.5180156626506
2033,AGRPST001,WATEVT,48.518394939759
2034,AGRPST001,WATEVT,49.5187742168675
2035,AGRPST001,WATEVT,50.5191534939759
2036,AGRPST001,WATEVT,51.5195327710843
2037,AGRPST001,WATEVT,52.5199120481928
2038,AGRPST001,WATEVT,53.5202913253012
2039,AGRPST001,WATEVT,54.7707654216867
2040,AGRPST001,WATEVT,55.7711446987952
2041,AGRPST001,WATEVT,56.7715239759036
2042,AGRPST001,WATEVT,58.0219980722892
2043,AGRPST001,WATEVT,59.2724721686747
2044,AGRPST001,WATEVT,60.2728514457831
2045,AGRPST001,WATEVT,61.5233255421687
2046,AGRPST001,WATEVT,62.7737996385542
2047,AGRPST001,WATEVT,64.0242737349397
2048,AGRPST001,WATEVT,65.2747478313253
2049,AGRPST001,WATEVT,66.5252219277108
2050,AGRPST001,WATEVT,68.0257908433735
2051,AGRPST001,WATEVT,69.276264939759
2052,AGRPST001,WATEVT,70.7768338554217
2053,AGRPST001,WATEVT,72.0273079518072
2054,AGRPST001,WATEVT,73.5278768674699
2055,AGRPST001,WATEVT,75.0284457831326
2020,AGRPST001,WATGRD,2.22359638554217
2021,AGRPST001,WATGRD,2.26806831325301
2022,AGRPST001,WATGRD,2.31254024096385
2023,AGRPST001,WATGRD,2.3570121686747
2024,AGRPST001,WATGRD,2.40148409638554
2025,AGRPST001,WATGRD,2.46078
2026,AGRPST001,WATGRD,2.50525192771084
2027,AGRPST001,WATGRD,2.54972385542169
2028,AGRPST001,WATGRD,2.60901975903614
2029,AGRPST001,WATGRD,2.65349168674699
2030,AGRPST001,WATGRD,2.71278759036145
2031,AGRPST001,WATGRD,2.7720834939759
2032,AGRPST001,WATGRD,2.81655542168675
2033,AGRPST001,WATGRD,2.8758513253012
2034,AGRPST001,WATGRD,2.93514722891566
2035,AGRPST001,WATGRD,2.99444313253012
2036,AGRPST001,WATGRD,3.05373903614458
2037,AGRPST001,WATGRD,3.11303493975904
2038,AGRPST001,WATGRD,3.17233084337349
2039,AGRPST001,WATGRD,3.24645072289157
2040,AGRPST001,WATGRD,3.30574662650602
2041,AGRPST001,WATGRD,3.36504253012048
2042,AGRPST001,WATGRD,3.43916240963855
2043,AGRPST001,WATGRD,3.51328228915663
2044,AGRPST001,WATGRD,3.57257819277108
2045,AGRPST001,WATGRD,3.64669807228916
2046,AGRPST001,WATGRD,3.72081795180723
2047,AGRPST001,WATGRD,3.7949378313253
2048,AGRPST001,WATGRD,3.86905771084337
2049,AGRPST001,WATGRD,3.94317759036144
2050,AGRPST001,WATGRD,4.03212144578313
2051,AGRPST001,WATGRD,4.10624132530121
2052,AGRPST001,WATGRD,4.19518518072289
2053,AGRPST001,WATGRD,4.26930506024096
2054,AGRPST001,WATGRD,4.35824891566265
2055,AGRPST001,WATGRD,4.44719277108434
2020,AGRPST001,WATSUR,41.8538222891566
2021,AGRPST001,WATSUR,42.6908987349397
2022,AGRPST001,WATSUR,43.5279751807229
2023,AGRPST001,WATSUR,44.365051626506
2024,AGRPST001,WATSUR,45.2021280722892
2025,AGRPST001,WATSUR,46.31823
2026,AGRPST001,WATSUR,47.1553064457831
2027,AGRPST001,WATSUR,47.9923828915663
2028,AGRPST001,WATSUR,49.1084848192771
2029,AGRPST001,WATSUR,49.9455612650602
2030,AGRPST001,WATSUR,51.0616631927711
2031,AGRPST001,WATSUR,52.1777651204819
2032,AGRPST001,WATSUR,53.0148415662651
2033,AGRPST001,WATSUR,54.1309434939759
2034,AGRPST001,WATSUR,55.2470454216867
2035,AGRPST001,WATSUR,56.3631473493976
2036,AGRPST001,WATSUR,57.4792492771084
2037,AGRPST001,WATSUR,58.5953512048193
2038,AGRPST001,WATSUR,59.7114531325301
2039,AGRPST001,WATSUR,61.1065805421687
2040,AGRPST001,WATSUR,62.2226824698795
2041,AGRPST001,WATSUR,63.3387843975904
2042,AGRPST001,WATSUR,64.7339118072289
2043,AGRPST001,WATSUR,66.1290392168675
2044,AGRPST001,WATSUR,67.2451411445783
2045,AGRPST001,WATSUR,68.6402685542169
2046,AGRPST001,WATSUR,70.0353959638554
2047,AGRPST001,WATSUR,71.4305233734939
2048,AGRPST001,WATSUR,72.8256507831325
2049,AGRPST001,WATSUR,74.2207781927711
2050,AGRPST001,WATSUR,75.8949310843373
2051,AGRPST001,WATSUR,77.2900584939759
2052,AGRPST001,WATSUR,78.9642113855422
2053,AGRPST001,WATSUR,80.3593387951807
2054,AGRPST001,WATSUR,82.033491686747
2055,AGRPST001,WATSUR,83.7076445783132
2020,FORWOO001,WOO,9.041
2021,FORWOO001,WOO,9.222
2022,FORWOO001,WOO,9.407
2023,FORWOO001,WOO,9.595
2024,FORWOO001,WOO,9.787
2025,FORWOO001,WOO,9.982
2026,FORWOO001,WOO,10.182
2027,FORWOO001,WOO,10.386
2028,FORWOO001,WOO,10.593
2029,FORWOO001,WOO,10.805
2030,FORWOO001,WOO,11.021
2031,FORWOO001,WOO,11.242
2032,FORWOO001,WOO,11.467
2033,FORWOO001,WOO,11.696
2034,FORWOO001,WOO,11.93
2035,FORWOO001,WOO,12.168
2036,FORWOO001,WOO,12.412
2037,FORWOO001,WOO,12.66
2038,FORWOO001,WOO,12.913
2039,FORWOO001,WOO,13.172
2040,FORWOO001,WOO,13.435
2041,FORWOO001,WOO,13.704
2042,FORWOO001,WOO,13.978
2043,FORWOO001,WOO,14.257
2044,FORWOO001,WOO,14.542
2045,FORWOO001,WOO,14.833
2046,FORWOO001,WOO,15.13
2047,FORWOO001,WOO,15.433
2048,FORWOO001,WOO,15.741
2049,FORWOO001,WOO,16.056
2050,FORWOO001,WOO,16.377
2051,FORWOO001,WOO,16.705
2052,FORWOO001,WOO,17.039
2053,FORWOO001,WOO,17.3799999999998
2054,FORWOO001,WOO,17.7269999999999
2055,FORWOO001,WOO,18.082
2020,IMPDSL001,DSL,6.74066192271836
2021,IMPDSL001,DSL,10.4604779248661
2022,IMPDSL001,DSL,15.1669451592041
2023,IMPDSL001,DSL,19.2919858477886
2024,IMPDSL001,DSL,23.2742149528055
2025,IMPDSL001,DSL,24.5289578994118
2026,IMPDSL001,DSL,16.8382795823812
2027,IMPDSL001,DSL,13.9471346992827
2028,IMPDSL001,DSL,16.6336008322975
2029,IMPDSL001,DSL,16.422240729079
2030,IMPDSL001,DSL,22.6658868905838
2031,IMPDSL001,DSL,17.537525811626
2032,IMPDSL001,DSL,13.1757387797558
2033,IMPDSL001,DSL,7.92640905816827
2034,IMPDSL001,DSL,4.20876676457014
2035,IMPDSL001,DSL,4.25371645604072
2036,IMPDSL001,DSL,4.28826054469359
2037,IMPDSL001,DSL,4.32108054699732
2038,IMPDSL001,DSL,4.3522318241529
2039,IMPDSL001,DSL,4.4731400893626
2040,IMPDSL001,DSL,9.31281283513888
2041,IMPDSL001,DSL,7.00521840098029
2042,IMPDSL001,DSL,4.70467350117647
2043,IMPDSL001,DSL,4.80098692705882
2044,IMPDSL001,DSL,4.89263443764706
2045,IMPDSL001,DSL,4.93641646163181
2046,IMPDSL001,DSL,5.15379705411765
2047,IMPDSL001,DSL,5.26135856
2048,IMPDSL001,DSL,5.36892006588235
2049,IMPDSL001,DSL,5.49139461647059
2050,IMPDSL001,DSL,5.60442964235294
2051,IMPDSL001,DSL,5.74224152941176
2052,IMPDSL001,DSL,5.88163109647059
2053,IMPDSL001,DSL,6.02411041882353
2054,IMPDSL001,DSL,6.16192078588235
2055,IMPDSL001,DSL,7.32877244604579
2020,IMPGSL001,GSL,1.72646040723982
2021,IMPGSL001,GSL,1.74118381883817
2022,IMPGSL001,GSL,1.73897374183466
2023,IMPGSL001,GSL,1.79407455617464
2024,IMPGSL001,GSL,1.82109638284775
2025,IMPGSL001,GSL,1.81505944970588
2026,IMPGSL001,GSL,1.8384121975
2027,IMPGSL001,GSL,1.86251946294118
2028,IMPGSL001,GSL,1.88587395705882
2029,IMPGSL001,GSL,1.9107708225
2030,IMPGSL001,GSL,1.93412293529412
2031,IMPGSL001,GSL,1.96681400961538
2032,IMPGSL001,GSL,1.99795921996606
2033,IMPGSL001,GSL,2.0314381479638
2034,IMPGSL001,GSL,2.05876874766968
2035,IMPGSL001,GSL,2.08534371840498
2036,IMPGSL001,GSL,2.10831276890425
2037,IMPGSL001,GSL,2.13041176452575
2038,IMPGSL001,GSL,2.15196986974487
2039,IMPGSL001,GSL,2.21099290591112
2040,IMPGSL001,GSL,2.22283883235294
2041,IMPGSL001,GSL,2.2766212949095
2042,IMPGSL001,GSL,2.33343012558824
2043,IMPGSL001,GSL,2.38264171352941
2044,IMPGSL001,GSL,2.42952021882353
2045,IMPGSL001,GSL,2.45665625399827
2046,IMPGSL001,GSL,2.55619127705882
2047,IMPGSL001,GSL,2.60997203
2048,IMPGSL001,GSL,2.66375278294118
2049,IMPGSL001,GSL,2.72363955823529
2050,IMPGSL001,GSL,2.77970694617647
2051,IMPGSL001,GSL,2.84805013970588
2052,IMPGSL001,GSL,2.91718229823529
2053,IMPGSL001,GSL,2.98785920941176
2054,IMPGSL001,GSL,3.05620176794118
2055,IMPGSL001,GSL,3.12687867911765
2020,LNDAGR001,LNDAGR,3792.26252521398
2021,LNDAGR001,LNDAGR,3863.83754013098
2022,LNDAGR001,LNDAGR,3932.34269768196
2023,LNDAGR001,LNDAGR,4011.6257776371
2024,LNDAGR001,LNDAGR,4085.65494955061
2025,LNDAGR001,LNDAGR,4177.13685235294
2026,LNDAGR001,LNDAGR,4249.63966066265
2027,LNDAGR001,LNDAGR,4322.21432779589
2028,LNDAGR001,LNDAGR,4418.62717907158
2029,LNDAGR001,LNDAGR,4491.27704620482
2030,LNDAGR001,LNDAGR,4587.68937306874
2031,LNDAGR001,LNDAGR,4684.99158271548
2032,LNDAGR001,LNDAGR,4758.2366905727
2033,LNDAGR001,LNDAGR,4855.61369580767
2034,LNDAGR001,LNDAGR,4951.90290237747
2035,LNDAGR001,LNDAGR,5048.11996571199
2036,LNDAGR001,LNDAGR,5143.23318846553
2037,LNDAGR001,LNDAGR,5238.26736394652
2038,LNDAGR001,LNDAGR,5333.11027740267
2039,LNDAGR001,LNDAGR,5458.96118620797
2040,LNDAGR001,LNDAGR,5552.12273876683
2041,LNDAGR001,LNDAGR,5652.88359253121
2042,LNDAGR001,LNDAGR,5778.27073987243
2043,LNDAGR001,LNDAGR,5902.0034291141
2044,LNDAGR001,LNDAGR,6001.60434097803
2045,LNDAGR001,LNDAGR,6121.23928796463
2046,LNDAGR001,LNDAGR,6254.62666063785
2047,LNDAGR001,LNDAGR,6379.29682987951
2048,LNDAGR001,LNDAGR,6503.96699912119
2049,LNDAGR001,LNDAGR,6629.86178953933
2050,LNDAGR001,LNDAGR,6778.87371733521
2051,LNDAGR001,LNDAGR,6905.19876187101
2052,LNDAGR001,LNDAGR,7055.50852496102
2053,LNDAGR001,LNDAGR,7182.05582832034
2054,LNDAGR001,LNDAGR,7332.29039141035
2055,LNDAGR001,LNDAGR,7482.74733332388
2020,LNDBLT001,LND001,750.0
2021,LNDBLT001,LND001,758.0
2022,LNDBLT001,LND001,765.0
2023,LNDBLT001,LND001,773.0
2024,LNDBLT001,LND001,780.0
2025,LNDBLT001,LND001,788.0
2026,LNDBLT001,LND001,796.0
2027,LNDBLT001,LND001,804.0
2028,LNDBLT001,LND001,812.0
2029,LNDBLT001,LND001,820.0
2030,LNDBLT001,LND001,828.0
2031,LNDBLT001,LND001,837.0
2032,LNDBLT001,LND001,845.0
2033,LNDBLT001,LND001,854.0
2034,LNDBLT001,LND001,862.0
2035,LNDBLT001,LND001,871.0
2036,LNDBLT001,LND001,879.0
2037,LNDBLT001,LND001,888.0
2038,LNDBLT001,LND001,897.0
2039,LNDBLT001,LND001,906.0
2040,LNDBLT001,LND001,915.0
2041,LNDBLT001,LND001,924.0
2042,LNDBLT001,LND001,934.0
2043,LNDBLT001,LND001,943.0
2044,LNDBLT001,LND001,952.0
2045,LNDBLT001,LND001,962.0
2046,LNDBLT001,LND001,971.0
2047,LNDBLT001,LND001,981.0
2048,LNDBLT001,LND001,991.0
2049,LNDBLT001,LND001,1001.0
2050,LNDBLT001,LND001,1011.0
2051,LNDBLT001,LND001,1021.0
2052,LNDBLT001,LND001,1031.0
2053,LNDBLT001,LND001,1042.0
2054,LNDBLT001,LND001,1052.0
2055,LNDBLT001,LND001,1062.0
2020,LNDBLT001,WATEVT,10.5225
2021,LNDBLT001,WATEVT,10.63474
2022,LNDBLT001,WATEVT,10.73295
2023,LNDBLT001,WATEVT,10.84519
2024,LNDBLT001,WATEVT,10.9434
2025,LNDBLT001,WATEVT,11.05564
2026,LNDBLT001,WATEVT,11.16788
2027,LNDBLT001,WATEVT,11.28012
2028,LNDBLT001,WATEVT,11.39236
2029,LNDBLT001,WATEVT,11.5046
2030,LNDBLT001,WATEVT,11.61684
2031,LNDBLT001,WATEVT,11.74311
2032,LNDBLT001,WATEVT,11.85535
2033,LNDBLT001,WATEVT,11.98162
2034,LNDBLT001,WATEVT,12.09386
2035,LNDBLT001,WATEVT,12.22013
2036,LNDBLT001,WATEVT,12.33237
2037,LNDBLT001,WATEVT,12.45864
2038,LNDBLT001,WATEVT,12.58491
2039,LNDBLT001,WATEVT,12.71118
2040,LNDBLT001,WATEVT,12.83745
2041,LNDBLT001,WATEVT,12.96372
2042,LNDBLT001,WATEVT,13.10402
2043,LNDBLT001,WATEVT,13.23029
2044,LNDBLT001,WATEVT,13.35656
2045,LNDBLT001,WATEVT,13.49686
2046,LNDBLT001,WATEVT,13.62313
2047,LNDBLT001,WATEVT,13.76343
2048,LNDBLT001,WATEVT,13.90373
2049,LNDBLT001,WATEVT,14.04403
2050,LNDBLT001,WATEVT,14.18433
2051,LNDBLT001,WATEVT,14.32463
2052,LNDBLT001,WATEVT,14.46493
2053,LNDBLT001,WATEVT,14.61926
2054,LNDBLT001,WATEVT,14.75956
2055,LNDBLT001,WATEVT,14.89986
2020,LNDBLT001,WATGRD,0.57
2021,LNDBLT001,WATGRD,0.57608
2022,LNDBLT001,WATGRD,0.5814
2023,LNDBLT001,WATGRD,0.58748
2024,LNDBLT001,WATGRD,0.5928
2025,LNDBLT001,WATGRD,0.59888
2026,LNDBLT001,WATGRD,0.60496
2027,LNDBLT001,WATGRD,0.61104
2028,LNDBLT001,WATGRD,0.61712
2029,LNDBLT001,WATGRD,0.6232
2030,LNDBLT001,WATGRD,0.62928
2031,LNDBLT001,WATGRD,0.63612
2032,LNDBLT001,WATGRD,0.6422
2033,LNDBLT001,WATGRD,0.64904
2034,LNDBLT001,WATGRD,0.65512
2035,LNDBLT001,WATGRD,0.66196
2036,LNDBLT001,WATGRD,0.66804
2037,LNDBLT001,WATGRD,0.67488
2038,LNDBLT001,WATGRD,0.68172
2039,LNDBLT001,WATGRD,0.68856
2040,LNDBLT001,WATGRD,0.6954
2041,LNDBLT001,WATGRD,0.70224
2042,LNDBLT001,WATGRD,0.70984
2043,LNDBLT001,WATGRD,0.71668
2044,LNDBLT001,WATGRD,0.72352
2045,LNDBLT001,WATGRD,0.73112
2046,LNDBLT001,WATGRD,0.73796
2047,LNDBLT001,WATGRD,0.74556
2048,LNDBLT001,WATGRD,0.75316
2049,LNDBLT001,WATGRD,0.76076
2050,LNDBLT001,WATGRD,0.76836
2051,LNDBLT001,WATGRD,0.77596
2052,LNDBLT001,WATGRD,0.78356
2053,LNDBLT001,WATGRD,0.79192
2054,LNDBLT001,WATGRD,0.79952
2055,LNDBLT001,WATGRD,0.80712
2020,LNDBLT001,WATSUR,5.97
2021,LNDBLT001,WATSUR,6.03368
2022,LNDBLT001,WATSUR,6.0894
2023,LNDBLT001,WATSUR,6.15308
2024,LNDBLT001,WATSUR,6.2088
2025,LNDBLT001,WATSUR,6.27248
2026,LNDBLT001,WATSUR,6.33616
2027,LNDBLT001,WATSUR,6.39984
2028,LNDBLT001,WATSUR,6.46352
2029,LNDBLT001,WATSUR,6.5272
2030,LNDBLT001,WATSUR,6.59088
2031,LNDBLT001,WATSUR,6.66252
2032,LNDBLT001,WATSUR,6.7262
2033,LNDBLT001,WATSUR,6.79784
2034,LNDBLT001,WATSUR,6.86152
2035,LNDBLT001,WATSUR,6.93316
2036,LNDBLT001,WATSUR,6.99684
2037,LNDBLT001,WATSUR,7.06848
2038,LNDBLT001,WATSUR,7.14012
2039,LNDBLT001,WATSUR,7.21176
2040,LNDBLT001,WATSUR,7.2834
2041,LNDBLT001,WATSUR,7.35504
2042,LNDBLT001,WATSUR,7.43464
2043,LNDBLT001,WATSUR,7.50628
2044,LNDBLT001,WATSUR,7.57792
2045,LNDBLT001,WATSUR,7.65752
2046,LNDBLT001,WATSUR,7.72916
2047,LNDBLT001,WATSUR,7.80876
2048,LNDBLT001,WATSUR,7.88836
2049,LNDBLT001,WATSUR,7.96796
2050,LNDBLT001,WATSUR,8.04756
2051,LNDBLT001,WATSUR,8.12716
2052,LNDBLT001,WATSUR,8.20676
2053,LNDBLT001,WATSUR,8.29432
2054,LNDBLT001,WATSUR,8.37392
2055,LNDBLT001,WATSUR,8.45352
2020,LNDCRP001I,CRP001,0.095
2021,LNDCRP001I,CRP001,0.0888556
2022,LNDCRP001I,CRP001,0.0825044
2023,LNDCRP001I,CRP001,0.07616
2024,LNDCRP001I,CRP001,0.0698156
2025,LNDCRP001I,CRP001,0.0680009000000002
2026,LNDCRP001I,CRP001,0.10700225
2027,LNDCRP001I,CRP001,0.1470036
2028,LNDCRP001I,CRP001,0.1860009
2029,LNDCRP001I,CRP001,0.22600225
2030,LNDCRP001I,CRP001,0.2650036
2031,LNDCRP001I,CRP001,0.3080009
2032,LNDCRP001I,CRP001,0.35000225
2033,LNDCRP001I,CRP001,0.3930036
2034,LNDCRP001I,CRP001,0.4360009
2035,LNDCRP001I,CRP001,0.47800225
2036,LNDCRP001I,CRP001,0.540148
2037,LNDCRP001I,CRP001,0.6004965
2038,LNDCRP001I,CRP001,0.66284225
2039,LNDCRP001I,CRP001,0.724188
2040,LNDCRP001I,CRP001,0.781
2041,LNDCRP001I,CRP001,0.801
2042,LNDCRP001I,CRP001,0.82
2043,LNDCRP001I,CRP001,0.84
2044,LNDCRP001I,CRP001,0.859
2045,LNDCRP001I,CRP001,0.879
2046,LNDCRP001I,CRP001,0.898
2047,LNDCRP001I,CRP001,0.918
2048,LNDCRP001I,CRP001,0.938
2049,LNDCRP001I,CRP001,0.957
2050,LNDCRP001I,CRP001,0.977
2051,LNDCRP001I,CRP001,1.001
2052,LNDCRP001I,CRP001,1.025
2053,LNDCRP001I,CRP001,1.05
2054,LNDCRP001I,CRP001,1.074
2055,LNDCRP001I,CRP001,1.099
2020,LNDCRP001I,LND001,13.9705882352941
2021,LNDCRP001I,LND001,13.067
2022,LNDCRP001I,LND001,12.133
2023,LNDCRP001I,LND001,11.2
2024,LNDCRP001I,LND001,10.267
2025,LNDCRP001I,LND001,10.0001323529412
2026,LNDCRP001I,LND001,15.735625
2027,LNDCRP001I,LND001,21.6181764705883
2028,LNDCRP001I,LND001,27.3530735294118
2029,LNDCRP001I,LND001,33.235625
2030,LNDCRP001I,LND001,38.9711176470588
2031,LNDCRP001I,LND001,45.29425
2032,LNDCRP001I,LND001,51.470919117647
2033,LNDCRP001I,LND001,57.7946470588235
2034,LNDCRP001I,LND001,64.1177794117647
2035,LNDCRP001I,LND001,70.2944485294118
2036,LNDCRP001I,LND001,79.4335294117647
2037,LNDCRP001I,LND001,88.3083088235294
2038,LNDCRP001I,LND001,97.4768014705883
2039,LNDCRP001I,LND001,106.498235294118
2040,LNDCRP001I,LND001,114.852941176471
2041,LNDCRP001I,LND001,117.794117647059
2042,LNDCRP001I,LND001,120.588235294118
2043,LNDCRP001I,LND001,123.529411764706
2044,LNDCRP001I,LND001,126.323529411765
2045,LNDCRP001I,LND001,129.264705882353
2046,LNDCRP001I,LND001,132.058823529412
2047,LNDCRP001I,LND001,135.0
2048,LNDCRP001I,LND001,137.941176470588
2049,LNDCRP001I,LND001,140.735294117647
2050,LNDCRP001I,LND001,143.676470588235
2051,LNDCRP001I,LND001,147.205882352941
2052,LNDCRP001I,LND001,150.735294117647
2053,LNDCRP001I,LND001,154.411764705882
2054,LNDCRP001I,LND001,157.941176470588
2055,LNDCRP001I,LND001,161.617647058824
2020,LNDCRP001I,WATEVT,0.130345588235294
2021,LNDCRP001I,WATEVT,0.12191511
2022,LNDCRP001I,WATEVT,0.11320089
2023,LNDCRP001I,WATEVT,0.104496
2024,LNDCRP001I,WATEVT,0.09579111
2025,LNDCRP001I,WATEVT,0.0933012348529414
2026,LNDCRP001I,WATEVT,0.14681338125
2027,LNDCRP001I,WATEVT,0.201697586470588
2028,LNDCRP001I,WATEVT,0.255204176029412
2029,LNDCRP001I,WATEVT,0.31008838125
2030,LNDCRP001I,WATEVT,0.363600527647058
2031,LNDCRP001I,WATEVT,0.4225953525
2032,LNDCRP001I,WATEVT,0.480223675367647
2033,LNDCRP001I,WATEVT,0.539224057058823
2034,LNDCRP001I,WATEVT,0.598218881911765
2035,LNDCRP001I,WATEVT,0.655847204779412
2036,LNDCRP001I,WATEVT,0.741114829411765
2037,LNDCRP001I,WATEVT,0.82391652132353
2038,LNDCRP001I,WATEVT,0.909458557720589
2039,LNDCRP001I,WATEVT,0.993628535294118
2040,LNDCRP001I,WATEVT,1.07157794117647
2041,LNDCRP001I,WATEVT,1.09901911764706
2042,LNDCRP001I,WATEVT,1.12508823529412
2043,LNDCRP001I,WATEVT,1.15252941176471
2044,LNDCRP001I,WATEVT,1.17859852941176
2045,LNDCRP001I,WATEVT,1.20603970588235
2046,LNDCRP001I,WATEVT,1.23210882352941
2047,LNDCRP001I,WATEVT,1.25955
2048,LNDCRP001I,WATEVT,1.28699117647059
2049,LNDCRP001I,WATEVT,1.31306029411765
2050,LNDCRP001I,WATEVT,1.34050147058824
2051,LNDCRP001I,WATEVT,1.37343088235294
2052,LNDCRP001I,WATEVT,1.40636029411765
2053,LNDCRP001I,WATEVT,1.44066176470588
2054,LNDCRP001I,WATEVT,1.47359117647059
2055,LNDCRP001I,WATEVT,1.50789264705882
2020,LNDCRP001I,WATGRD,0.0202573529411765
2021,LNDCRP001I,WATGRD,0.01894715
2022,LNDCRP001I,WATGRD,0.01759285
2023,LNDCRP001I,WATGRD,0.01624
2024,LNDCRP001I,WATGRD,0.01488715
2025,LNDCRP001I,WATGRD,0.0145001919117647
2026,LNDCRP001I,WATGRD,0.02281665625
2027,LNDCRP001I,WATGRD,0.031346355882353
2028,LNDCRP001I,WATGRD,0.039661956617647
2029,LNDCRP001I,WATGRD,0.04819165625
2030,LNDCRP001I,WATGRD,0.0565081205882352
2031,LNDCRP001I,WATGRD,0.0656766625
2032,LNDCRP001I,WATGRD,0.0746328327205882
2033,LNDCRP001I,WATGRD,0.0838022382352941
2034,LNDCRP001I,WATGRD,0.0929707801470588
2035,LNDCRP001I,WATGRD,0.101926950367647
2036,LNDCRP001I,WATGRD,0.115178617647059
2037,LNDCRP001I,WATGRD,0.128047047794118
2038,LNDCRP001I,WATGRD,0.141341362132353
2039,LNDCRP001I,WATGRD,0.154422441176471
2040,LNDCRP001I,WATGRD,0.166536764705882
2041,LNDCRP001I,WATGRD,0.170801470588235
2042,LNDCRP001I,WATGRD,0.174852941176471
2043,LNDCRP001I,WATGRD,0.179117647058824
2044,LNDCRP001I,WATGRD,0.183169117647059
2045,LNDCRP001I,WATGRD,0.187433823529412
2046,LNDCRP001I,WATGRD,0.191485294117647
2047,LNDCRP001I,WATGRD,0.19575
2048,LNDCRP001I,WATGRD,0.200014705882353
2049,LNDCRP001I,WATGRD,0.204066176470588
2050,LNDCRP001I,WATGRD,0.208330882352941
2051,LNDCRP001I,WATGRD,0.213448529411765
2052,LNDCRP001I,WATGRD,0.218566176470588
2053,LNDCRP001I,WATGRD,0.223897058823529
2054,LNDCRP001I,WATGRD,0.229014705882353
2055,LNDCRP001I,WATGRD,0.234345588235294
2020,LNDCRP001I,WATSUR,0.240573529411765
2021,LNDCRP001I,WATSUR,0.22501374
2022,LNDCRP001I,WATSUR,0.20893026
2023,LNDCRP001I,WATSUR,0.192864
2024,LNDCRP001I,WATSUR,0.17679774
2025,LNDCRP001I,WATSUR,0.172202279117647
2026,LNDCRP001I,WATSUR,0.2709674625
2027,LNDCRP001I,WATSUR,0.37226499882353
2028,LNDCRP001I,WATSUR,0.47101992617647
2029,LNDCRP001I,WATSUR,0.5723174625
2030,LNDCRP001I,WATSUR,0.671082645882352
2031,LNDCRP001I,WATSUR,0.779966985
2032,LNDCRP001I,WATSUR,0.886329227205882
2033,LNDCRP001I,WATSUR,0.995223822352941
2034,LNDCRP001I,WATSUR,1.10410816147059
2035,LNDCRP001I,WATSUR,1.21047040367647
2036,LNDCRP001I,WATSUR,1.36784537647059
2037,LNDCRP001I,WATSUR,1.52066907794118
2038,LNDCRP001I,WATSUR,1.67855052132353
2039,LNDCRP001I,WATSUR,1.83389961176471
2040,LNDCRP001I,WATSUR,1.97776764705882
2041,LNDCRP001I,WATSUR,2.02841470588235
2042,LNDCRP001I,WATSUR,2.07652941176471
2043,LNDCRP001I,WATSUR,2.12717647058824
2044,LNDCRP001I,WATSUR,2.17529117647059
2045,LNDCRP001I,WATSUR,2.22593823529412
2046,LNDCRP001I,WATSUR,2.27405294117647
2047,LNDCRP001I,WATSUR,2.3247
2048,LNDCRP001I,WATSUR,2.37534705882353
2049,LNDCRP001I,WATSUR,2.42346176470588
2050,LNDCRP001I,WATSUR,2.47410882352941
2051,LNDCRP001I,WATSUR,2.53488529411765
2052,LNDCRP001I,WATSUR,2.59566176470588
2053,LNDCRP001I,WATSUR,2.65897058823529
2054,LNDCRP001I,WATSUR,2.71974705882353
2055,LNDCRP001I,WATSUR,2.78305588235294
2020,LNDCRP001R,CRP001,0.405
2021,LNDCRP001R,CRP001,0.4241444
2022,LNDCRP001R,CRP001,0.4424956
2023,LNDCRP001R,CRP001,0.46184
2024,LNDCRP001R,CRP001,0.4801844
2025,LNDCRP001R,CRP001,0.4949991
2026,LNDCRP001R,CRP001,0.46799775
2027,LNDCRP001R,CRP001,0.4409964
2028,LNDCRP001R,CRP001,0.4139991
2029,LNDCRP001R,CRP001,0.38699775
2030,LNDCRP001R,CRP001,0.3599964
2031,LNDCRP001R,CRP001,0.3329991
2032,LNDCRP001R,CRP001,0.30599775
2033,LNDCRP001R,CRP001,0.2789964
2034,LNDCRP001R,CRP001,0.2519991
2035,LNDCRP001R,CRP001,0.22499775
2036,LNDCRP001R,CRP001,0.178852
2037,LNDCRP001R,CRP001,0.1335035
2038,LNDCRP001R,CRP001,0.0871577499999999
2039,LNDCRP001R,CRP001,0.0418119999999998
2020,LNDCRP001R,LND001,100.0
2021,LNDCRP001R,LND001,104.727012345679
2022,LNDCRP001R,LND001,109.258172839506
2023,LNDCRP001R,LND001,114.034567901235
2024,LNDCRP001R,LND001,118.564049382716
2025,LNDCRP001R,LND001,122.222
2026,LNDCRP001R,LND001,115.555
2027,LNDCRP001R,LND001,108.888
2028,LNDCRP001R,LND001,102.222
2029,LNDCRP001R,LND001,95.555
2030,LNDCRP001R,LND001,88.888
2031,LNDCRP001R,LND001,82.222
2032,LNDCRP001R,LND001,75.555
2033,LNDCRP001R,LND001,68.888
2034,LNDCRP001R,LND001,62.222
2035,LNDCRP001R,LND001,55.555
2036,LNDCRP001R,LND001,44.160987654321
2037,LNDCRP001R,LND001,32.9638271604938
2038,LNDCRP001R,LND001,21.5204320987654
2039,LNDCRP001R,LND001,10.3239506172839
2020,LNDCRP001R,WATEVT,0.773
2021,LNDCRP001R,WATEVT,0.809539805432099
2022,LNDCRP001R,WATEVT,0.844565676049383
2023,LNDCRP001R,WATEVT,0.881487209876543
2024,LNDCRP001R,WATEVT,0.916500101728395
2025,LNDCRP001R,WATEVT,0.94477606
2026,LNDCRP001R,WATEVT,0.89324015
2027,LNDCRP001R,WATEVT,0.84170424
2028,LNDCRP001R,WATEVT,0.79017606
2029,LNDCRP001R,WATEVT,0.73864015
2030,LNDCRP001R,WATEVT,0.68710424
2031,LNDCRP001R,WATEVT,0.63557606
2032,LNDCRP001R,WATEVT,0.58404015
2033,LNDCRP001R,WATEVT,0.53250424
2034,LNDCRP001R,WATEVT,0.48097606
2035,LNDCRP001R,WATEVT,0.42944015
2036,LNDCRP001R,WATEVT,0.341364434567901
2037,LNDCRP001R,WATEVT,0.254810383950617
2038,LNDCRP001R,WATEVT,0.166352940123457
2039,LNDCRP001R,WATEVT,0.0798041382716045
2020,LNDCRP001R,WATGRD,0.077
2021,LNDCRP001R,WATGRD,0.0806397995061728
2022,LNDCRP001R,WATGRD,0.0841287930864198
2023,LNDCRP001R,WATGRD,0.0878066172839506
2024,LNDCRP001R,WATGRD,0.0912943180246914
2025,LNDCRP001R,WATGRD,0.09411094
2026,LNDCRP001R,WATGRD,0.08897735
2027,LNDCRP001R,WATGRD,0.08384376
2028,LNDCRP001R,WATGRD,0.07871094
2029,LNDCRP001R,WATGRD,0.07357735
2030,LNDCRP001R,WATGRD,0.06844376
2031,LNDCRP001R,WATGRD,0.06331094
2032,LNDCRP001R,WATGRD,0.05817735
2033,LNDCRP001R,WATGRD,0.05304376
2034,LNDCRP001R,WATGRD,0.04791094
2035,LNDCRP001R,WATGRD,0.04277735
2036,LNDCRP001R,WATGRD,0.0340039604938272
2037,LNDCRP001R,WATGRD,0.0253821469135802
2038,LNDCRP001R,WATGRD,0.0165707327160494
2039,LNDCRP001R,WATGRD,0.0079494419753086
2020,LNDCRP001R,WATSUR,1.425
2021,LNDCRP001R,WATSUR,1.49235992592593
2022,LNDCRP001R,WATSUR,1.55692896296296
2023,LNDCRP001R,WATSUR,1.62499259259259
2024,LNDCRP001R,WATSUR,1.6895377037037
2025,LNDCRP001R,WATSUR,1.7416635
2026,LNDCRP001R,WATSUR,1.64665875
2027,LNDCRP001R,WATSUR,1.551654
2028,LNDCRP001R,WATSUR,1.4566635
2029,LNDCRP001R,WATSUR,1.36165875
2030,LNDCRP001R,WATSUR,1.266654
2031,LNDCRP001R,WATSUR,1.1716635
2032,LNDCRP001R,WATSUR,1.07665875
2033,LNDCRP001R,WATSUR,0.981654
2034,LNDCRP001R,WATSUR,0.8866635
2035,LNDCRP001R,WATSUR,0.79165875
2036,LNDCRP001R,WATSUR,0.629294074074074
2037,LNDCRP001R,WATSUR,0.469734537037037
2038,LNDCRP001R,WATSUR,0.306666157407407
2039,LNDCRP001R,WATSUR,0.147116296296295
2020,LNDCRP002I,CRP002,1.8
2021,LNDCRP002I,CRP002,2.52854352606997
2022,LNDCRP002I,CRP002,3.56514304166625
2023,LNDCRP002I,CRP002,3.44514304166625
2024,LNDCRP002I,CRP002,3.88323410831763
2025,LNDCRP002I,CRP002,4.998572
2026,LNDCRP002I,CRP002,5.111487
2027,LNDCRP002I,CRP002,5.216882
2028,LNDCRP002I,CRP002,5.329797
2029,LNDCRP002I,CRP002,5.442712
2030,LNDCRP002I,CRP002,5.55564
2031,LNDCRP002I,CRP002,5.6986
2032,LNDCRP002I,CRP002,5.84156
2033,LNDCRP002I,CRP002,5.99204
2034,LNDCRP002I,CRP002,6.244742
2035,LNDCRP002I,CRP002,6.504951
2036,LNDCRP002I,CRP002,6.677911
2037,LNDCRP002I,CRP002,6.86779407916284
2038,LNDCRP002I,CRP002,7.06787406665138
2039,LNDCRP002I,CRP002,6.509783
2040,LNDCRP002I,CRP002,6.94079
2041,LNDCRP002I,CRP002,7.158835
2042,LNDCRP002I,CRP002,7.283311
2043,LNDCRP002I,CRP002,7.618618
2044,LNDCRP002I,CRP002,7.946392
2045,LNDCRP002I,CRP002,8.70995441096636
2046,LNDCRP002I,CRP002,7.983406
2047,LNDCRP002I,CRP002,8.201486
2048,LNDCRP002I,CRP002,8.419566
2049,LNDCRP002I,CRP002,8.504714
2050,LNDCRP002I,CRP002,8.675981
2051,LNDCRP002I,CRP002,8.888175
2052,LNDCRP002I,CRP002,9.107902
2053,LNDCRP002I,CRP002,9.327616
2054,LNDCRP002I,CRP002,9.539823
2055,LNDCRP002I,CRP002,9.759537
2020,LNDCRP002I,LND001,18.0
2021,LNDCRP002I,LND001,25.2854352606997
2022,LNDCRP002I,LND001,35.6514304166625
2023,LNDCRP002I,LND001,34.4514304166625
2024,LNDCRP002I,LND001,38.8323410831763
2025,LNDCRP002I,LND001,49.98572
2026,LNDCRP002I,LND001,51.11487
2027,LNDCRP002I,LND001,52.16882
2028,LNDCRP002I,LND001,53.29797
2029,LNDCRP002I,LND001,54.42712
2030,LNDCRP002I,LND001,55.5564
2031,LNDCRP002I,LND001,56.986
2032,LNDCRP002I,LND001,58.4156
2033,LNDCRP002I,LND001,59.9204
2034,LNDCRP002I,LND001,62.44742
2035,LNDCRP002I,LND001,65.04951
2036,LNDCRP002I,LND001,66.77911
2037,LNDCRP002I,LND001,68.6779407916284
2038,LNDCRP002I,LND001,70.6787406665138
2039,LNDCRP002I,LND001,65.09783
2040,LNDCRP002I,LND001,69.4079
2041,LNDCRP002I,LND001,71.58835
2042,LNDCRP002I,LND001,72.83311
2043,LNDCRP002I,LND001,76.18618
2044,LNDCRP002I,LND001,79.46392
2045,LNDCRP002I,LND001,87.0995441096636
2046,LNDCRP002I,LND001,79.83406
2047,LNDCRP002I,LND001,82.01486
2048,LNDCRP002I,LND001,84.19566
2049,LNDCRP002I,LND001,85.04714
2050,LNDCRP002I,LND001,86.75981
2051,LNDCRP002I,LND001,88.88175
2052,LNDCRP002I,LND001,91.07902
2053,LNDCRP002I,LND001,93.2761599999999
2054,LNDCRP002I,LND001,95.39823
2055,LNDCRP002I,LND001,97.59537
2020,LNDCRP002I,WATEVT,0.39492
2021,LNDCRP002I,WATEVT,0.554762449619752
2022,LNDCRP002I,WATEVT,0.782192383341574
2023,LNDCRP002I,WATEVT,0.755864383341574
2024,LNDCRP002I,WATEVT,0.851981563364888
2025,LNDCRP002I,WATEVT,1.0966866968
2026,LNDCRP002I,WATEVT,1.1214602478
2027,LNDCRP002I,WATEVT,1.1445839108
2028,LNDCRP002I,WATEVT,1.1693574618
2029,LNDCRP002I,WATEVT,1.1941310128
2030,LNDCRP002I,WATEVT,1.218907416
2031,LNDCRP002I,WATEVT,1.25027284
2032,LNDCRP002I,WATEVT,1.281638264
2033,LNDCRP002I,WATEVT,1.314653576
2034,LNDCRP002I,WATEVT,1.3700963948
2035,LNDCRP002I,WATEVT,1.4271862494
2036,LNDCRP002I,WATEVT,1.4651336734
2037,LNDCRP002I,WATEVT,1.50679402096833
2038,LNDCRP002I,WATEVT,1.55069157022331
2039,LNDCRP002I,WATEVT,1.4282463902
2040,LNDCRP002I,WATEVT,1.522809326
2041,LNDCRP002I,WATEVT,1.570648399
2042,LNDCRP002I,WATEVT,1.5979584334
2043,LNDCRP002I,WATEVT,1.6715247892
2044,LNDCRP002I,WATEVT,1.7434384048
2045,LNDCRP002I,WATEVT,1.91096399776602
2046,LNDCRP002I,WATEVT,1.7515592764
2047,LNDCRP002I,WATEVT,1.7994060284
2048,LNDCRP002I,WATEVT,1.8472527804
2049,LNDCRP002I,WATEVT,1.8659342516
2050,LNDCRP002I,WATEVT,1.9035102314
2051,LNDCRP002I,WATEVT,1.950065595
2052,LNDCRP002I,WATEVT,1.9982736988
2053,LNDCRP002I,WATEVT,2.0464789504
2054,LNDCRP002I,WATEVT,2.0930371662
2055,LNDCRP002I,WATEVT,2.1412424178
2020,LNDCRP002I,WATGRD,0.00774
2021,LNDCRP002I,WATGRD,0.0108727371621009
2022,LNDCRP002I,WATGRD,0.0153301150791649
2023,LNDCRP002I,WATGRD,0.0148141150791649
2024,LNDCRP002I,WATGRD,0.0166979066657658
2025,LNDCRP002I,WATGRD,0.0214938596
2026,LNDCRP002I,WATGRD,0.0219793941
2027,LNDCRP002I,WATGRD,0.0224325926
2028,LNDCRP002I,WATGRD,0.0229181271
2029,LNDCRP002I,WATGRD,0.0234036616
2030,LNDCRP002I,WATGRD,0.023889252
2031,LNDCRP002I,WATGRD,0.02450398
2032,LNDCRP002I,WATGRD,0.025118708
2033,LNDCRP002I,WATGRD,0.025765772
2034,LNDCRP002I,WATGRD,0.0268523906
2035,LNDCRP002I,WATGRD,0.0279712893
2036,LNDCRP002I,WATGRD,0.0287150173
2037,LNDCRP002I,WATGRD,0.0295315145404002
2038,LNDCRP002I,WATGRD,0.030391858486601
2039,LNDCRP002I,WATGRD,0.0279920669
2040,LNDCRP002I,WATGRD,0.029845397
2041,LNDCRP002I,WATGRD,0.0307829905
2042,LNDCRP002I,WATGRD,0.0313182373
2043,LNDCRP002I,WATGRD,0.0327600574
2044,LNDCRP002I,WATGRD,0.0341694856
2045,LNDCRP002I,WATGRD,0.0374528039671553
2046,LNDCRP002I,WATGRD,0.0343286458
2047,LNDCRP002I,WATGRD,0.0352663898
2048,LNDCRP002I,WATGRD,0.0362041338
2049,LNDCRP002I,WATGRD,0.0365702702
2050,LNDCRP002I,WATGRD,0.0373067183
2051,LNDCRP002I,WATGRD,0.0382191525
2052,LNDCRP002I,WATGRD,0.0391639786
2053,LNDCRP002I,WATGRD,0.0401087488
2054,LNDCRP002I,WATGRD,0.0410212389
2055,LNDCRP002I,WATGRD,0.0419660091
2020,LNDCRP002I,WATSUR,0.1332
2021,LNDCRP002I,WATSUR,0.187112220929178
2022,LNDCRP002I,WATSUR,0.263820585083302
2023,LNDCRP002I,WATSUR,0.254940585083302
2024,LNDCRP002I,WATSUR,0.287359324015504
2025,LNDCRP002I,WATSUR,0.369894328
2026,LNDCRP002I,WATSUR,0.378250038
2027,LNDCRP002I,WATSUR,0.386049268
2028,LNDCRP002I,WATSUR,0.394404978
2029,LNDCRP002I,WATSUR,0.402760688
2030,LNDCRP002I,WATSUR,0.41111736
2031,LNDCRP002I,WATSUR,0.4216964
2032,LNDCRP002I,WATSUR,0.43227544
2033,LNDCRP002I,WATSUR,0.44341096
2034,LNDCRP002I,WATSUR,0.462110908
2035,LNDCRP002I,WATSUR,0.481366374
2036,LNDCRP002I,WATSUR,0.494165414
2037,LNDCRP002I,WATSUR,0.50821676185805
2038,LNDCRP002I,WATSUR,0.523022680932202
2039,LNDCRP002I,WATSUR,0.481723942
2040,LNDCRP002I,WATSUR,0.51361846
2041,LNDCRP002I,WATSUR,0.52975379
2042,LNDCRP002I,WATSUR,0.538965014
2043,LNDCRP002I,WATSUR,0.563777732
2044,LNDCRP002I,WATSUR,0.588033008
2045,LNDCRP002I,WATSUR,0.64453662641151
2046,LNDCRP002I,WATSUR,0.590772044
2047,LNDCRP002I,WATSUR,0.606909964
2048,LNDCRP002I,WATSUR,0.623047884
2049,LNDCRP002I,WATSUR,0.629348836
2050,LNDCRP002I,WATSUR,0.642022594
2051,LNDCRP002I,WATSUR,0.65772495
2052,LNDCRP002I,WATSUR,0.673984748
2053,LNDCRP002I,WATSUR,0.690243584
2054,LNDCRP002I,WATSUR,0.705946902
2055,LNDCRP002I,WATSUR,0.722205738
2020,LNDCRP002R,CRP002,3.84
2021,LNDCRP002R,CRP002,3.25433647393003
2022,LNDCRP002R,CRP002,2.36061695833375
2023,LNDCRP002R,CRP002,2.61597695833375
2024,LNDCRP002R,CRP002,2.32076589168234
2025,LNDCRP002R,CRP002,1.348308
2026,LNDCRP002R,CRP002,1.378273
2027,LNDCRP002R,CRP002,1.408238
2028,LNDCRP002R,CRP002,1.438203
2029,LNDCRP002R,CRP002,1.468168
2030,LNDCRP002R,CRP002,1.49812
2031,LNDCRP002R,CRP002,1.52812
2032,LNDCRP002R,CRP002,1.55812
2033,LNDCRP002R,CRP002,1.58812
2034,LNDCRP002R,CRP002,1.508378
2035,LNDCRP002R,CRP002,1.428649
2036,LNDCRP002R,CRP002,1.428649
2037,LNDCRP002R,CRP002,1.41924592083716
2038,LNDCRP002R,CRP002,1.39212593334861
2039,LNDCRP002R,CRP002,2.12317699999998
2040,LNDCRP002R,CRP002,1.87265
2041,LNDCRP002R,CRP002,1.872685
2042,LNDCRP002R,CRP002,1.966289
2043,LNDCRP002R,CRP002,1.856582
2044,LNDCRP002R,CRP002,1.746888
2045,LNDCRP002R,CRP002,1.20140558903364
2046,LNDCRP002R,CRP002,2.153554
2047,LNDCRP002R,CRP002,2.153554
2048,LNDCRP002R,CRP002,2.15355399999999
2049,LNDCRP002R,CRP002,2.294006
2050,LNDCRP002R,CRP002,2.340819
2051,LNDCRP002R,CRP002,2.399345
2052,LNDCRP002R,CRP002,2.457858
2053,LNDCRP002R,CRP002,2.516384
2054,LNDCRP002R,CRP002,2.574897
2055,LNDCRP002R,CRP002,2.633423
2020,LNDCRP002R,LND001,73.8461538461538
2021,LNDCRP002R,LND001,62.5833937294236
2022,LNDCRP002R,LND001,45.3964799679568
2023,LNDCRP002R,LND001,50.307249198726
2024,LNDCRP002R,LND001,44.6301133015835
2025,LNDCRP002R,LND001,25.929
2026,LNDCRP002R,LND001,26.50525
2027,LNDCRP002R,LND001,27.0815
2028,LNDCRP002R,LND001,27.65775
2029,LNDCRP002R,LND001,28.234
2030,LNDCRP002R,LND001,28.81
2031,LNDCRP002R,LND001,29.3869230769231
2032,LNDCRP002R,LND001,29.9638461538462
2033,LNDCRP002R,LND001,30.5407692307693
2034,LNDCRP002R,LND001,29.0072692307692
2035,LNDCRP002R,LND001,27.4740192307692
2036,LNDCRP002R,LND001,27.4740192307693
2037,LNDCRP002R,LND001,27.2931907853299
2038,LNDCRP002R,LND001,26.7716525643964
2039,LNDCRP002R,LND001,40.8303269230766
2040,LNDCRP002R,LND001,36.0125
2041,LNDCRP002R,LND001,36.0131730769231
2042,LNDCRP002R,LND001,37.81325
2043,LNDCRP002R,LND001,35.7035
2044,LNDCRP002R,LND001,33.594
2045,LNDCRP002R,LND001,23.1039536352624
2046,LNDCRP002R,LND001,41.4145
2047,LNDCRP002R,LND001,41.4145
2048,LNDCRP002R,LND001,41.4144999999999
2049,LNDCRP002R,LND001,44.1155
2050,LNDCRP002R,LND001,45.01575
2051,LNDCRP002R,LND001,46.14125
2052,LNDCRP002R,LND001,47.2665
2053,LNDCRP002R,LND001,48.3920000000001
2054,LNDCRP002R,LND001,49.51725
2055,LNDCRP002R,LND001,50.64275
2020,LNDCRP002R,WATEVT,0.683076923076923
2021,LNDCRP002R,WATEVT,0.578896391997168
2022,LNDCRP002R,WATEVT,0.4199174397036
2023,LNDCRP002R,WATEVT,0.465342055088216
2024,LNDCRP002R,WATEVT,0.412828548039647
2025,LNDCRP002R,WATEVT,0.23984325
2026,LNDCRP002R,WATEVT,0.2451735625
2027,LNDCRP002R,WATEVT,0.250503875
2028,LNDCRP002R,WATEVT,0.2558341875
2029,LNDCRP002R,WATEVT,0.2611645
2030,LNDCRP002R,WATEVT,0.2664925
2031,LNDCRP002R,WATEVT,0.271829038461539
2032,LNDCRP002R,WATEVT,0.277165576923077
2033,LNDCRP002R,WATEVT,0.282502115384616
2034,LNDCRP002R,WATEVT,0.268317240384615
2035,LNDCRP002R,WATEVT,0.254134677884615
2036,LNDCRP002R,WATEVT,0.254134677884616
2037,LNDCRP002R,WATEVT,0.252462014764302
2038,LNDCRP002R,WATEVT,0.247637786220667
2039,LNDCRP002R,WATEVT,0.377680524038459
2040,LNDCRP002R,WATEVT,0.333115625
2041,LNDCRP002R,WATEVT,0.333121850961538
2042,LNDCRP002R,WATEVT,0.3497725625
2043,LNDCRP002R,WATEVT,0.330257375
2044,LNDCRP002R,WATEVT,0.3107445
2045,LNDCRP002R,WATEVT,0.213711571126177
2046,LNDCRP002R,WATEVT,0.383084125
2047,LNDCRP002R,WATEVT,0.383084125
2048,LNDCRP002R,WATEVT,0.383084124999999
2049,LNDCRP002R,WATEVT,0.408068375
2050,LNDCRP002R,WATEVT,0.4163956875
2051,LNDCRP002R,WATEVT,0.4268065625
2052,LNDCRP002R,WATEVT,0.437215125
2053,LNDCRP002R,WATEVT,0.447626000000001
2054,LNDCRP002R,WATEVT,0.4580345625
2055,LNDCRP002R,WATEVT,0.4684454375
2020,LNDCRP002R,WATGRD,0.0568615384615384
2021,LNDCRP002R,WATGRD,0.0481892131716562
2022,LNDCRP002R,WATGRD,0.0349552895753267
2023,LNDCRP002R,WATGRD,0.038736581883019
2024,LNDCRP002R,WATGRD,0.0343651872422193
2025,LNDCRP002R,WATGRD,0.01996533
2026,LNDCRP002R,WATGRD,0.0204090425
2027,LNDCRP002R,WATGRD,0.020852755
2028,LNDCRP002R,WATGRD,0.0212964675
2029,LNDCRP002R,WATGRD,0.02174018
2030,LNDCRP002R,WATGRD,0.0221837
2031,LNDCRP002R,WATGRD,0.0226279307692308
2032,LNDCRP002R,WATGRD,0.0230721615384616
2033,LNDCRP002R,WATGRD,0.0235163923076923
2034,LNDCRP002R,WATGRD,0.0223355973076923
2035,LNDCRP002R,WATGRD,0.0211549948076923
2036,LNDCRP002R,WATGRD,0.0211549948076923
2037,LNDCRP002R,WATGRD,0.021015756904704
2038,LNDCRP002R,WATGRD,0.0206141724745852
2039,LNDCRP002R,WATGRD,0.031439351730769
2040,LNDCRP002R,WATGRD,0.027729625
2041,LNDCRP002R,WATGRD,0.0277301432692308
2042,LNDCRP002R,WATGRD,0.0291162025
2043,LNDCRP002R,WATGRD,0.027491695
2044,LNDCRP002R,WATGRD,0.02586738
2045,LNDCRP002R,WATGRD,0.017790044299152
2046,LNDCRP002R,WATGRD,0.031889165
2047,LNDCRP002R,WATGRD,0.031889165
2048,LNDCRP002R,WATGRD,0.0318891649999999
2049,LNDCRP002R,WATGRD,0.033968935
2050,LNDCRP002R,WATGRD,0.0346621275
2051,LNDCRP002R,WATGRD,0.0355287625
2052,LNDCRP002R,WATGRD,0.036395205
2053,LNDCRP002R,WATGRD,0.03726184
2054,LNDCRP002R,WATGRD,0.0381282825
2055,LNDCRP002R,WATGRD,0.0389949175
2020,LNDCRP002R,WATSUR,0.940061538461538
2021,LNDCRP002R,WATSUR,0.796686602175562
2022,LNDCRP002R,WATSUR,0.57789718999209
2023,LNDCRP002R,WATSUR,0.640411282299782
2024,LNDCRP002R,WATSUR,0.568141342329158
2025,LNDCRP002R,WATSUR,0.33007617
2026,LNDCRP002R,WATSUR,0.3374118325
2027,LNDCRP002R,WATSUR,0.344747495
2028,LNDCRP002R,WATSUR,0.3520831575
2029,LNDCRP002R,WATSUR,0.35941882
2030,LNDCRP002R,WATSUR,0.3667513
2031,LNDCRP002R,WATSUR,0.374095530769231
2032,LNDCRP002R,WATSUR,0.381439761538462
2033,LNDCRP002R,WATSUR,0.388783992307693
2034,LNDCRP002R,WATSUR,0.369262537307692
2035,LNDCRP002R,WATSUR,0.349744264807692
2036,LNDCRP002R,WATSUR,0.349744264807693
2037,LNDCRP002R,WATSUR,0.34744231869725
2038,LNDCRP002R,WATSUR,0.340803137144766
2039,LNDCRP002R,WATSUR,0.519770061730765
2040,LNDCRP002R,WATSUR,0.458439125
2041,LNDCRP002R,WATSUR,0.458447693269231
2042,LNDCRP002R,WATSUR,0.4813626725
2043,LNDCRP002R,WATSUR,0.454505555
2044,LNDCRP002R,WATSUR,0.42765162
2045,LNDCRP002R,WATSUR,0.29411332977689
2046,LNDCRP002R,WATSUR,0.527206585
2047,LNDCRP002R,WATSUR,0.527206585
2048,LNDCRP002R,WATSUR,0.527206584999998
2049,LNDCRP002R,WATSUR,0.561590315
2050,LNDCRP002R,WATSUR,0.5730504975
2051,LNDCRP002R,WATSUR,0.5873781125
2052,LNDCRP002R,WATSUR,0.601702545
2053,LNDCRP002R,WATSUR,0.616030160000001
2054,LNDCRP002R,WATSUR,0.6303545925
2055,LNDCRP002R,WATSUR,0.6446822075
2020,LNDFOR001,FORSTK,157.5
2021,LNDFOR001,FORSTK,154.89
2022,LNDFOR001,FORSTK,152.25
2023,LNDFOR001,FORSTK,149.64
2024,LNDFOR001,FORSTK,147.0
2025,LNDFOR001,FORSTK,144.39
2026,LNDFOR001,FORSTK,141.75
2027,LNDFOR001,FORSTK,139.14
2028,LNDFOR001,FORSTK,136.5
2029,LNDFOR001,FORSTK,133.89
2030,LNDFOR001,FORSTK,131.25
2031,LNDFOR001,FORSTK,128.64
2032,LNDFOR001,FORSTK,126.0
2033,LNDFOR001,FORSTK,123.39
2034,LNDFOR001,FORSTK,120.75
2035,LNDFOR001,FORSTK,118.14
2036,LNDFOR001,FORSTK,115.5
2037,LNDFOR001,FORSTK,112.89
2038,LNDFOR001,FORSTK,110.25
2039,LNDFOR001,FORSTK,107.64
2040,LNDFOR001,FORSTK,105.0
2041,LNDFOR001,FORSTK,102.39
2042,LNDFOR001,FORSTK,99.75
2043,LNDFOR001,FORSTK,97.14
2044,LNDFOR001,FORSTK,94.5
2045,LNDFOR001,FORSTK,91.89
2046,LNDFOR001,FORSTK,90.0
2047,LNDFOR001,FORSTK,90.0
2048,LNDFOR001,FORSTK,90.0
2049,LNDFOR001,FORSTK,90.0
2050,LNDFOR001,FORSTK,90.0
2051,LNDFOR001,FORSTK,90.0
2052,LNDFOR001,FORSTK,90.0
2053,LNDFOR001,FORSTK,90.0
2054,LNDFOR001,FORSTK,90.0
2055,LNDFOR001,FORSTK,90.0
2020,LNDFOR001,LND001,5250.0
2021,LNDFOR001,LND001,5163.0
2022,LNDFOR001,LND001,5075.0
2023,LNDFOR001,LND001,4988.0
2024,LNDFOR001,LND001,4900.0
2025,LNDFOR001,LND001,4813.0
2026,LNDFOR001,LND001,4725.0
2027,LNDFOR001,LND001,4638.0
2028,LNDFOR001,LND001,4550.0
2029,LNDFOR001,LND001,4463.0
2030,LNDFOR001,LND001,4375.0
2031,LNDFOR001,LND001,4288.0
2032,LNDFOR001,LND001,4200.0
2033,LNDFOR001,LND001,4113.0
2034,LNDFOR001,LND001,4025.0
2035,LNDFOR001,LND001,3938.0
2036,LNDFOR001,LND001,3850.0
2037,LNDFOR001,LND001,3763.0
2038,LNDFOR001,LND001,3675.0
2039,LNDFOR001,LND001,3588.0
2040,LNDFOR001,LND001,3500.0
2041,LNDFOR001,LND001,3413.0
2042,LNDFOR001,LND001,3325.0
2043,LNDFOR001,LND001,3238.0
2044,LNDFOR001,LND001,3150.0
2045,LNDFOR001,LND001,3063.0
2046,LNDFOR001,LND001,3000.0
2047,LNDFOR001,LND001,3000.0
2048,LNDFOR001,LND001,3000.0
2049,LNDFOR001,LND001,3000.0
2050,LNDFOR001,LND001,3000.0
2051,LNDFOR001,LND001,3000.0
2052,LNDFOR001,LND001,3000.0
2053,LNDFOR001,LND001,3000.0
2054,LNDFOR001,LND001,3000.0
2055,LNDFOR001,LND001,3000.0
2020,LNDFOR001,WATEVT,79.59
2021,LNDFOR001,WATEVT,78.27108
2022,LNDFOR001,WATEVT,76.937
2023,LNDFOR001,WATEVT,75.61808
2024,LNDFOR001,WATEVT,74.284
2025,LNDFOR001,WATEVT,72.96508
2026,LNDFOR001,WATEVT,71.631
2027,LNDFOR001,WATEVT,70.31208
2028,LNDFOR001,WATEVT,68.978
2029,LNDFOR001,WATEVT,67.65908
2030,LNDFOR001,WATEVT,66.325
2031,LNDFOR001,WATEVT,65.00608
2032,LNDFOR001,WATEVT,63.672
2033,LNDFOR001,WATEVT,62.35308
2034,LNDFOR001,WATEVT,61.019
2035,LNDFOR001,WATEVT,59.70008
2036,LNDFOR001,WATEVT,58.366
2037,LNDFOR001,WATEVT,57.04708
2038,LNDFOR001,WATEVT,55.713
2039,LNDFOR001,WATEVT,54.39408
2040,LNDFOR001,WATEVT,53.06
2041,LNDFOR001,WATEVT,51.74108
2042,LNDFOR001,WATEVT,50.407
2043,LNDFOR001,WATEVT,49.08808
2044,LNDFOR001,WATEVT,47.754
2045,LNDFOR001,WATEVT,46.43508
2046,LNDFOR001,WATEVT,45.48
2047,LNDFOR001,WATEVT,45.48
2048,LNDFOR001,WATEVT,45.48
2049,LNDFOR001,WATEVT,45.48
2050,LNDFOR001,WATEVT,45.48
2051,LNDFOR001,WATEVT,45.48
2052,LNDFOR001,WATEVT,45.48
2053,LNDFOR001,WATEVT,45.48
2054,LNDFOR001,WATEVT,45.48
2055,LNDFOR001,WATEVT,45.48
2020,LNDFOR001,WATGRD,3.255
2021,LNDFOR001,WATGRD,3.20106
2022,LNDFOR001,WATGRD,3.1465
2023,LNDFOR001,WATGRD,3.09256
2024,LNDFOR001,WATGRD,3.038
2025,LNDFOR001,WATGRD,2.98406
2026,LNDFOR001,WATGRD,2.9295
2027,LNDFOR001,WATGRD,2.87556
2028,LNDFOR001,WATGRD,2.821
2029,LNDFOR001,WATGRD,2.76706
2030,LNDFOR001,WATGRD,2.7125
2031,LNDFOR001,WATGRD,2.65856
2032,LNDFOR001,WATGRD,2.604
2033,LNDFOR001,WATGRD,2.55006
2034,LNDFOR001,WATGRD,2.4955
2035,LNDFOR001,WATGRD,2.44156
2036,LNDFOR001,WATGRD,2.387
2037,LNDFOR001,WATGRD,2.33306
2038,LNDFOR001,WATGRD,2.2785
2039,LNDFOR001,WATGRD,2.22456
2040,LNDFOR001,WATGRD,2.17
2041,LNDFOR001,WATGRD,2.11606
2042,LNDFOR001,WATGRD,2.0615
2043,LNDFOR001,WATGRD,2.00756
2044,LNDFOR001,WATGRD,1.953
2045,LNDFOR001,WATGRD,1.89906
2046,LNDFOR001,WATGRD,1.86
2047,LNDFOR001,WATGRD,1.86
2048,LNDFOR001,WATGRD,1.86
2049,LNDFOR001,WATGRD,1.86
2050,LNDFOR001,WATGRD,1.86
2051,LNDFOR001,WATGRD,1.86
2052,LNDFOR001,WATGRD,1.86
2053,LNDFOR001,WATGRD,1.86
2054,LNDFOR001,WATGRD,1.86
2055,LNDFOR001,WATGRD,1.86
2020,LNDFOR001,WATSUR,36.5925
2021,LNDFOR001,WATSUR,35.98611
2022,LNDFOR001,WATSUR,35.37275
2023,LNDFOR001,WATSUR,34.76636
2024,LNDFOR001,WATSUR,34.153
2025,LNDFOR001,WATSUR,33.54661
2026,LNDFOR001,WATSUR,32.93325
2027,LNDFOR001,WATSUR,32.32686
2028,LNDFOR001,WATSUR,31.7135
2029,LNDFOR001,WATSUR,31.10711
2030,LNDFOR001,WATSUR,30.49375
2031,LNDFOR001,WATSUR,29.88736
2032,LNDFOR001,WATSUR,29.274
2033,LNDFOR001,WATSUR,28.66761
2034,LNDFOR001,WATSUR,28.05425
2035,LNDFOR001,WATSUR,27.44786
2036,LNDFOR001,WATSUR,26.8345
2037,LNDFOR001,WATSUR,26.22811
2038,LNDFOR001,WATSUR,25.61475
2039,LNDFOR001,WATSUR,25.00836
2040,LNDFOR001,WATSUR,24.395
2041,LNDFOR001,WATSUR,23.78861
2042,LNDFOR001,WATSUR,23.17525
2043,LNDFOR001,WATSUR,22.56886
2044,LNDFOR001,WATSUR,21.9555
2045,LNDFOR001,WATSUR,21.34911
2046,LNDFOR001,WATSUR,20.91
2047,LNDFOR001,WATSUR,20.91
2048,LNDFOR001,WATSUR,20.91
2049,LNDFOR001,WATSUR,20.91
2050,LNDFOR001,WATSUR,20.91
2051,LNDFOR001,WATSUR,20.91
2052,LNDFOR001,WATSUR,20.91
2053,LNDFOR001,WATSUR,20.91
2054,LNDFOR001,WATSUR,20.91
2055,LNDFOR001,WATSUR,20.91
2020,LNDOTH001,LND001,5207.73747478602
2021,LNDOTH001,LND001,5215.16245986902
2022,LNDOTH001,LND001,5227.65730231804
2023,LNDOTH001,LND001,5227.37422236289
2024,LNDOTH001,LND001,5234.34505044939
2025,LNDOTH001,LND001,5221.86314764706
2026,LNDOTH001,LND001,5229.36033933735
2027,LNDOTH001,LND001,5235.78567220411
2028,LNDOTH001,LND001,5219.37282092842
2029,LNDOTH001,LND001,5225.72295379518
2030,LNDOTH001,LND001,5209.31062693125
2031,LNDOTH001,LND001,5190.00841728452
2032,LNDOTH001,LND001,5196.7633094273
2033,LNDOTH001,LND001,5177.38630419234
2034,LNDOTH001,LND001,5161.09709762253
2035,LNDOTH001,LND001,5142.88003428801
2036,LNDOTH001,LND001,5127.76681153447
2037,LNDOTH001,LND001,5110.73263605348
2038,LNDOTH001,LND001,5094.88972259733
2039,LNDOTH001,LND001,5047.03881379203
2040,LNDOTH001,LND001,5032.87726123317
2041,LNDOTH001,LND001,5010.11640746878
2042,LNDOTH001,LND001,4962.72926012757
2043,LNDOTH001,LND001,4916.99657088589
2044,LNDOTH001,LND001,4896.39565902197
2045,LNDOTH001,LND001,4853.76071203537
2046,LNDOTH001,LND001,4774.37333936214
2047,LNDOTH001,LND001,4639.70317012049
2048,LNDOTH001,LND001,4505.0330008788
2049,LNDOTH001,LND001,4369.13821046066
2050,LNDOTH001,LND001,4210.12628266478
2051,LNDOTH001,LND001,4073.80123812899
2052,LNDOTH001,LND001,3913.49147503898
2053,LNDOTH001,LND001,3775.94417167966
2054,LNDOTH001,LND001,3615.70960858966
2055,LNDOTH001,LND001,3455.25266667612
2020,LNDOTH001,WATEVT,73.0645567712479
2021,LNDOTH001,WATEVT,73.1687293119624
2022,LNDOTH001,WATEVT,73.3440319515221
2023,LNDOTH001,WATEVT,73.3400603397514
2024,LNDOTH001,WATEVT,73.437861057805
2025,LNDOTH001,WATEVT,73.2627399614883
2026,LNDOTH001,WATEVT,73.367925560903
2027,LNDOTH001,WATEVT,73.4580729810237
2028,LNDOTH001,WATEVT,73.2278006776258
2029,LNDOTH001,WATEVT,73.3168930417464
2030,LNDOTH001,WATEVT,73.0866280958454
2031,LNDOTH001,WATEVT,72.8158180945019
2032,LNDOTH001,WATEVT,72.9105892312651
2033,LNDOTH001,WATEVT,72.6387298478185
2034,LNDOTH001,WATEVT,72.4101922796441
2035,LNDOTH001,WATEVT,72.1546068810608
2036,LNDOTH001,WATEVT,71.9425683658286
2037,LNDOTH001,WATEVT,71.7035788838303
2038,LNDOTH001,WATEVT,71.4813028080405
2039,LNDOTH001,WATEVT,70.8099545575022
2040,LNDOTH001,WATEVT,70.6112679751014
2041,LNDOTH001,WATEVT,70.291933196787
2042,LNDOTH001,WATEVT,69.6270915195898
2043,LNDOTH001,WATEVT,68.9854618895291
2044,LNDOTH001,WATEVT,68.6964310960783
2045,LNDOTH001,WATEVT,68.0982627898562
2046,LNDOTH001,WATEVT,66.9844579512509
2047,LNDOTH001,WATEVT,65.0950354767904
2048,LNDOTH001,WATEVT,63.2056130023296
2049,LNDOTH001,WATEVT,61.2990090927631
2050,LNDOTH001,WATEVT,59.0680717457868
2051,LNDOTH001,WATEVT,57.1554313709497
2052,LNDOTH001,WATEVT,54.9062853947969
2053,LNDOTH001,WATEVT,52.9764967286657
2054,LNDOTH001,WATEVT,50.7284058085129
2055,LNDOTH001,WATEVT,48.4771949134659
2020,LNDOTH001,WATGRD,3.95788048083738
2021,LNDOTH001,WATGRD,3.96352346950046
2022,LNDOTH001,WATGRD,3.97301954976171
2023,LNDOTH001,WATGRD,3.9728044089958
2024,LNDOTH001,WATGRD,3.97810223834154
2025,LNDOTH001,WATGRD,3.96861599221177
2026,LNDOTH001,WATGRD,3.97431385789638
2027,LNDOTH001,WATGRD,3.97919711087513
2028,LNDOTH001,WATGRD,3.9667233439056
2029,LNDOTH001,WATGRD,3.97154944488434
2030,LNDOTH001,WATGRD,3.95907607646775
2031,LNDOTH001,WATGRD,3.94440639713624
2032,LNDOTH001,WATGRD,3.94954011516475
2033,LNDOTH001,WATGRD,3.93481359118618
2034,LNDOTH001,WATGRD,3.92243379419312
2035,LNDOTH001,WATGRD,3.90858882605889
2036,LNDOTH001,WATGRD,3.8971027767662
2037,LNDOTH001,WATGRD,3.88415680340064
2038,LNDOTH001,WATGRD,3.87211618917397
2039,LNDOTH001,WATGRD,3.83574949848194
2040,LNDOTH001,WATGRD,3.82498671853721
2041,LNDOTH001,WATGRD,3.80768846967628
2042,LNDOTH001,WATGRD,3.77167423769695
2043,LNDOTH001,WATGRD,3.73691739387328
2044,LNDOTH001,WATGRD,3.7212607008567
2045,LNDOTH001,WATGRD,3.68885814114688
2046,LNDOTH001,WATGRD,3.62852373791523
2047,LNDOTH001,WATGRD,3.52617440929157
2048,LNDOTH001,WATGRD,3.42382508066789
2049,LNDOTH001,WATGRD,3.32054503995011
2050,LNDOTH001,WATGRD,3.19969597482523
2051,LNDOTH001,WATGRD,3.09608894097803
2052,LNDOTH001,WATGRD,2.97425352102962
2053,LNDOTH001,WATGRD,2.86971757047654
2054,LNDOTH001,WATGRD,2.74793930252814
2055,LNDOTH001,WATGRD,2.62599202667385
2020,LNDOTH001,WATSUR,41.4535902992967
2021,LNDOTH001,WATSUR,41.5126931805574
2022,LNDOTH001,WATSUR,41.6121521264516
2023,LNDOTH001,WATSUR,41.6098988100086
2024,LNDOTH001,WATSUR,41.6653866015772
2025,LNDOTH001,WATSUR,41.5660306552706
2026,LNDOTH001,WATSUR,41.6257083011253
2027,LNDOTH001,WATSUR,41.6768539507447
2028,LNDOTH001,WATSUR,41.5462076545903
2029,LNDOTH001,WATSUR,41.5967547122096
2030,LNDOTH001,WATSUR,41.4661125903727
2031,LNDOTH001,WATSUR,41.3124670015848
2032,LNDOTH001,WATSUR,41.3662359430413
2033,LNDOTH001,WATSUR,41.211994981371
2034,LNDOTH001,WATSUR,41.0823328970753
2035,LNDOTH001,WATSUR,40.9373250729326
2036,LNDOTH001,WATSUR,40.8170238198144
2037,LNDOTH001,WATSUR,40.6814317829857
2038,LNDOTH001,WATSUR,40.5553221918747
2039,LNDOTH001,WATSUR,40.1744289577845
2040,LNDOTH001,WATSUR,40.061702999416
2041,LNDOTH001,WATSUR,39.8805266034515
2042,LNDOTH001,WATSUR,39.5033249106154
2043,LNDOTH001,WATSUR,39.1392927042517
2044,LNDOTH001,WATSUR,38.9753094458149
2045,LNDOTH001,WATSUR,38.6359352678015
2046,LNDOTH001,WATSUR,38.0040117813227
2047,LNDOTH001,WATSUR,36.9320372341591
2048,LNDOTH001,WATSUR,35.8600626869953
2049,LNDOTH001,WATSUR,34.7783401552669
2050,LNDOTH001,WATSUR,33.5126052100116
2051,LNDOTH001,WATSUR,32.4274578555067
2052,LNDOTH001,WATSUR,31.1513921413103
2053,LNDOTH001,WATSUR,30.0565156065701
2054,LNDOTH001,WATSUR,28.7810484843737
2055,LNDOTH001,WATSUR,27.5038112267419
2020,MINGAS001,GAS,83.2110779645373
2021,MINGAS001,GAS,87.2854945604809
2022,MINGAS001,GAS,92.6279514123091
2023,MINGAS001,GAS,96.4205586806144
2024,MINGAS001,GAS,101.602818885812
2025,MINGAS001,GAS,105.636619804302
2026,MINGAS001,GAS,118.841393072481
2027,MINGAS001,GAS,118.939390712101
2028,MINGAS001,GAS,124.238472089924
2029,MINGAS001,GAS,124.68224994409
2030,MINGAS001,GAS,122.514241111453
2031,MINGAS001,GAS,126.649412026042
2032,MINGAS001,GAS,132.556449390706
2033,MINGAS001,GAS,136.883082333871
2034,MINGAS001,GAS,142.270205532545
2035,MINGAS001,GAS,151.90345866272
2036,MINGAS001,GAS,162.597929503852
2037,MINGAS001,GAS,173.207191800927
2038,MINGAS001,GAS,178.980909244838
2039,MINGAS001,GAS,185.681185841124
2040,MINGAS001,GAS,175.997837664283
2041,MINGAS001,GAS,182.535782617424
2042,MINGAS001,GAS,189.135561857708
2043,MINGAS001,GAS,199.113100810166
2044,MINGAS001,GAS,200.0
2045,MINGAS001,GAS,200.0
2046,MINGAS001,GAS,200.0
2047,MINGAS001,GAS,200.0
2048,MINGAS001,GAS,200.0
2049,MINGAS001,GAS,200.0
2050,MINGAS001,GAS,200.0
2051,MINGAS001,GAS,200.0
2052,MINGAS001,GAS,200.0
2053,MINGAS001,GAS,200.0
2054,MINGAS001,GAS,200.0
2055,MINGAS001,GAS,200.0
2020,MINHYD001,HYD,28.3824
2021,MINHYD001,HYD,28.3824
2022,MINHYD001,HYD,28.3824
2023,MINHYD001,HYD,28.3824
2024,MINHYD001,HYD,28.3824
2025,MINHYD001,HYD,28.3824
2026,MINHYD001,HYD,28.3824
2027,MINHYD001,HYD,31.9302
2028,MINHYD001,HYD,31.9302
2029,MINHYD001,HYD,35.478
2030,MINHYD001,HYD,39.0258
2031,MINHYD001,HYD,42.5736
2032,MINHYD001,HYD,46.1214
2033,MINHYD001,HYD,49.6692
2034,MINHYD001,HYD,53.217
2035,MINHYD001,HYD,53.7475257982048
2036,MINHYD001,HYD,53.7475257982048
2037,MINHYD001,HYD,53.7475257982048
2038,MINHYD001,HYD,57.2953257982048
2039,MINHYD001,HYD,60.8431257982048
2040,MINHYD001,HYD,64.3909257982048
2041,MINHYD001,HYD,67.9387257982048
2042,MINHYD001,HYD,71.4865257982048
2043,MINHYD001,HYD,72.5494805748525
2044,MINHYD001,HYD,73.3488982294723
2045,MINHYD001,HYD,76.8966982294722
2046,MINHYD001,HYD,80.4444982294723
2047,MINHYD001,HYD,83.0162219964952
2048,MINHYD001,HYD,83.4790245342263
2049,MINHYD001,HYD,85.1472
2050,MINHYD001,HYD,105.96096
2051,MINHYD001,HYD,95.55408
2052,MINHYD001,HYD,95.55408
2053,MINHYD001,HYD,95.55408
2054,MINHYD001,HYD,95.55408
2055,MINHYD001,HYD,95.55408
2020,MINLND001,LND,15000.0
2021,MINLND001,LND,15000.0
2022,MINLND001,LND,15000.0
2023,MINLND001,LND,15000.0
2024,MINLND001,LND,15000.0
2025,MINLND001,LND,15000.0
2026,MINLND001,LND,15000.0
2027,MINLND001,LND,15000.0
2028,MINLND001,LND,15000.0
2029,MINLND001,LND,15000.0
2030,MINLND001,LND,15000.0
2031,MINLND001,LND,15000.0
2032,MINLND001,LND,15000.0
2033,MINLND001,LND,15000.0
2034,MINLND001,LND,15000.0
2035,MINLND001,LND,15000.0
2036,MINLND001,LND,15000.0
2037,MINLND001,LND,15000.0
2038,MINLND001,LND,15000.0
2039,MINLND001,LND,15000.0
2040,MINLND001,LND,15000.0
2041,MINLND001,LND,15000.0
2042,MINLND001,LND,15000.0
2043,MINLND001,LND,15000.0
2044,MINLND001,LND,15000.0
2045,MINLND001,LND,15000.0
2046,MINLND001,LND,15000.0
2047,MINLND001,LND,15000.0
2048,MINLND001,LND,15000.0
2049,MINLND001,LND,15000.0
2050,MINLND001,LND,15000.0
2051,MINLND001,LND,15000.0
2052,MINLND001,LND,15000.0
2053,MINLND001,LND,15000.0
2054,MINLND001,LND,15000.0
2055,MINLND001,LND,15000.0
2020,MINPRC001,WATPRC,341.25
2021,MINPRC001,WATPRC,341.25
2022,MINPRC001,WATPRC,341.25
2023,MINPRC001,WATPRC,341.25
2024,MINPRC001,WATPRC,341.25
2025,MINPRC001,WATPRC,341.25
2026,MINPRC001,WATPRC,341.25
2027,MINPRC001,WATPRC,341.25
2028,MINPRC001,WATPRC,341.25
2029,MINPRC001,WATPRC,341.25
2030,MINPRC001,WATPRC,341.25
2031,MINPRC001,WATPRC,341.25
2032,MINPRC001,WATPRC,341.25
2033,MINPRC001,WATPRC,341.25
2034,MINPRC001,WATPRC,341.25
2035,MINPRC001,WATPRC,341.25
2036,MINPRC001,WATPRC,341.25
2037,MINPRC001,WATPRC,341.25
2038,MINPRC001,WATPRC,341.25
2039,MINPRC001,WATPRC,341.25
2040,MINPRC001,WATPRC,341.25
2041,MINPRC001,WATPRC,341.25
2042,MINPRC001,WATPRC,341.25
2043,MINPRC001,WATPRC,341.25
2044,MINPRC001,WATPRC,341.25
2045,MINPRC001,WATPRC,341.25
2046,MINPRC001,WATPRC,341.25
2047,MINPRC001,WATPRC,341.25
2048,MINPRC001,WATPRC,341.25
2049,MINPRC001,WATPRC,341.25
2050,MINPRC001,WATPRC,341.25
2051,MINPRC001,WATPRC,341.25
2052,MINPRC001,WATPRC,341.25
2053,MINPRC001,WATPRC,341.25
2054,MINPRC001,WATPRC,341.25
2055,MINPRC001,WATPRC,341.25
2020,MINSOL001,SOL,0.49275
2021,MINSOL001,SOL,0.49275
2022,MINSOL001,SOL,0.49275
2023,MINSOL001,SOL,0.49275
2024,MINSOL001,SOL,0.49275
2025,MINSOL001,SOL,0.49275
2026,MINSOL001,SOL,0.9855
2027,MINSOL001,SOL,1.47825
2028,MINSOL001,SOL,1.971
2029,MINSOL001,SOL,2.46375
2030,MINSOL001,SOL,2.9565
2031,MINSOL001,SOL,3.44925
2032,MINSOL001,SOL,3.942
2033,MINSOL001,SOL,4.43475
2034,MINSOL001,SOL,4.9275
2035,MINSOL001,SOL,5.173875
2036,MINSOL001,SOL,5.666625
2037,MINSOL001,SOL,6.159375
2038,MINSOL001,SOL,6.652125
2039,MINSOL001,SOL,7.144875
2040,MINSOL001,SOL,7.637625
2041,MINSOL001,SOL,8.130375
2042,MINSOL001,SOL,8.623125
2043,MINSOL001,SOL,9.115875
2044,MINSOL001,SOL,9.608625
2045,MINSOL001,SOL,10.101375
2046,MINSOL001,SOL,10.594125
2047,MINSOL001,SOL,14.2087829687722
2048,MINSOL001,SOL,19.3507391317266
2049,MINSOL001,SOL,24.2707341273633
2050,MINSOL001,SOL,30.8287040287113
2051,MINSOL001,SOL,32.669325
2052,MINSOL001,SOL,32.669325
2053,MINSOL001,SOL,32.669325
2054,MINSOL001,SOL,32.669325
2055,MINSOL001,SOL,32.669325
2020,MINWND001,WND,0.49275
2021,MINWND001,WND,0.49275
2022,MINWND001,WND,0.49275
2023,MINWND001,WND,0.49275
2024,MINWND001,WND,0.49275
2025,MINWND001,WND,0.49275
2026,MINWND001,WND,0.9855
2027,MINWND001,WND,1.47825
2028,MINWND001,WND,1.971
2029,MINWND001,WND,2.46375
2030,MINWND001,WND,2.9565
2031,MINWND001,WND,3.44925
2032,MINWND001,WND,3.942
2033,MINWND001,WND,4.43475
2034,MINWND001,WND,4.9275
2035,MINWND001,WND,5.173875
2036,MINWND001,WND,5.56433570901746
2037,MINWND001,WND,6.05708570901747
2038,MINWND001,WND,5.20887028294173
2039,MINWND001,WND,5.40829410249582
2040,MINWND001,WND,7.53533570901746
2041,MINWND001,WND,8.02808570901747
2042,MINWND001,WND,8.52083570901747
2043,MINWND001,WND,9.01358570901747
2044,MINWND001,WND,9.50633570901747
2045,MINWND001,WND,9.99908570901747
2046,MINWND001,WND,10.4918357090175
2047,MINWND001,WND,10.9845857090175
2048,MINWND001,WND,45.9093428360698
2049,MINWND001,WND,11.9700857090175
2050,MINWND001,WND,37.3885071270524
2051,MINWND001,WND,37.3885071270524
2052,MINWND001,WND,37.3885071270524
2053,MINWND001,WND,32.453125487094
2054,MINWND001,WND,39.0783085435532
2055,MINWND001,WND,49.8513428360699
2020,PRCBAG001,BAG,7.9008
2021,PRCBAG001,BAG,8.39235303128397
2022,PRCBAG001,BAG,9.29864562998115
2023,PRCBAG001,BAG,9.29864562998115
2024,PRCBAG001,BAG,10.9879897299811
2025,PRCBAG001,BAG,14.3666779299812
2026,PRCBAG001,BAG,14.3666779299812
2027,PRCBAG001,BAG,17.7453661299812
2028,PRCBAG001,BAG,17.7453661299812
2029,PRCBAG001,BAG,17.7453661299812
2030,PRCBAG001,BAG,17.7451357299812
2031,PRCBAG001,BAG,17.7451357299812
2032,PRCBAG001,BAG,17.7451357299812
2033,PRCBAG001,BAG,17.7451357299812
2034,PRCBAG001,BAG,17.7451357299812
2035,PRCBAG001,BAG,17.7451357299812
2036,PRCBAG001,BAG,16.7268834986972
2037,PRCBAG001,BAG,15.2938293
2038,PRCBAG001,BAG,14.7671301
2039,PRCBAG001,BAG,12.5510868
2040,PRCBAG001,BAG,20.4019082631265
2041,PRCBAG001,BAG,20.4019082631265
2042,PRCBAG001,BAG,20.4019082631265
2043,PRCBAG001,BAG,19.8751466631265
2044,PRCBAG001,BAG,33.4512278639348
2045,PRCBAG001,BAG,40.5853002590235
2046,PRCBAG001,BAG,46.8076395655054
2047,PRCBAG001,BAG,49.703
2048,PRCBAG001,BAG,50.750976
2049,PRCBAG001,BAG,51.818
2050,PRCBAG001,BAG,52.875
2051,PRCBAG001,BAG,54.180096
2052,PRCBAG001,BAG,55.515648
2053,PRCBAG001,BAG,56.841
2054,PRCBAG001,BAG,58.150656
2055,PRCBAG001,BAG,59.484
2020,PRCCRP002,BYPCRP002,1.692
2021,PRCCRP002,BYPCRP002,1.734864
2022,PRCCRP002,BYPCRP002,1.777728
2023,PRCCRP002,BYPCRP002,1.818336
2024,PRCCRP002,BYPCRP002,1.8612
2025,PRCCRP002,BYPCRP002,1.904064
2026,PRCCRP002,BYPCRP002,1.946928
2027,PRCCRP002,BYPCRP002,1.987536
2028,PRCCRP002,BYPCRP002,2.0304
2029,PRCCRP002,BYPCRP002,2.073264
2030,PRCCRP002,BYPCRP002,2.116128
2031,PRCCRP002,BYPCRP002,2.168016
2032,PRCCRP002,BYPCRP002,2.219904
2033,PRCCRP002,BYPCRP002,2.274048
2034,PRCCRP002,BYPCRP002,2.325936
2035,PRCCRP002,BYPCRP002,2.38008
2036,PRCCRP002,BYPCRP002,2.431968
2037,PRCCRP002,BYPCRP002,2.486112
2038,PRCCRP002,BYPCRP002,2.538
2039,PRCCRP002,BYPCRP002,2.589888
2040,PRCCRP002,BYPCRP002,2.644032
2041,PRCCRP002,BYPCRP002,2.709456
2042,PRCCRP002,BYPCRP002,2.77488
2043,PRCCRP002,BYPCRP002,2.84256
2044,PRCCRP002,BYPCRP002,2.907984
2045,PRCCRP002,BYPCRP002,2.973408
2046,PRCCRP002,BYPCRP002,3.041088
2047,PRCCRP002,BYPCRP002,3.106512
2048,PRCCRP002,BYPCRP002,3.171936
2049,PRCCRP002,BYPCRP002,3.239616
2050,PRCCRP002,BYPCRP002,3.30504
2051,PRCCRP002,BYPCRP002,3.386256
2052,PRCCRP002,BYPCRP002,3.469728
2053,PRCCRP002,BYPCRP002,3.5532
2054,PRCCRP002,BYPCRP002,3.634416
2055,PRCCRP002,BYPCRP002,3.717888
2020,PRCCRP002,PRDCRP002,0.75
2021,PRCCRP002,PRDCRP002,0.769
2022,PRCCRP002,PRDCRP002,0.788
2023,PRCCRP002,PRDCRP002,0.806
2024,PRCCRP002,PRDCRP002,0.825
2025,PRCCRP002,PRDCRP002,0.844
2026,PRCCRP002,PRDCRP002,0.863
2027,PRCCRP002,PRDCRP002,0.881
2028,PRCCRP002,PRDCRP002,0.9
2029,PRCCRP002,PRDCRP002,0.919
2030,PRCCRP002,PRDCRP002,0.938
2031,PRCCRP002,PRDCRP002,0.961
2032,PRCCRP002,PRDCRP002,0.984
2033,PRCCRP002,PRDCRP002,1.008
2034,PRCCRP002,PRDCRP002,1.031
2035,PRCCRP002,PRDCRP002,1.055
2036,PRCCRP002,PRDCRP002,1.078
2037,PRCCRP002,PRDCRP002,1.102
2038,PRCCRP002,PRDCRP002,1.125
2039,PRCCRP002,PRDCRP002,1.148
2040,PRCCRP002,PRDCRP002,1.172
2041,PRCCRP002,PRDCRP002,1.201
2042,PRCCRP002,PRDCRP002,1.23
2043,PRCCRP002,PRDCRP002,1.26
2044,PRCCRP002,PRDCRP002,1.289
2045,PRCCRP002,PRDCRP002,1.318
2046,PRCCRP002,PRDCRP002,1.348
2047,PRCCRP002,PRDCRP002,1.377
2048,PRCCRP002,PRDCRP002,1.406
2049,PRCCRP002,PRDCRP002,1.436
2050,PRCCRP002,PRDCRP002,1.465
2051,PRCCRP002,PRDCRP002,1.501
2052,PRCCRP002,PRDCRP002,1.538
2053,PRCCRP002,PRDCRP002,1.575
2054,PRCCRP002,PRDCRP002,1.611
2055,PRCCRP002,PRDCRP002,1.648
2020,PRCCTL001,BEF,0.15
2021,PRCCTL001,BEF,0.153
2022,PRCCTL001,BEF,0.156
2023,PRCCTL001,BEF,0.159
2024,PRCCTL001,BEF,0.162
2025,PRCCTL001,BEF,0.166
2026,PRCCTL001,BEF,0.169
2027,PRCCTL001,BEF,0.172
2028,PRCCTL001,BEF,0.176
2029,PRCCTL001,BEF,0.179
2030,PRCCTL001,BEF,0.183
2031,PRCCTL001,BEF,0.187
2032,PRCCTL001,BEF,0.19
2033,PRCCTL001,BEF,0.194
2034,PRCCTL001,BEF,0.198
2035,PRCCTL001,BEF,0.202
2036,PRCCTL001,BEF,0.206
2037,PRCCTL001,BEF,0.21
2038,PRCCTL001,BEF,0.214
2039,PRCCTL001,BEF,0.219
2040,PRCCTL001,BEF,0.223
2041,PRCCTL001,BEF,0.227
2042,PRCCTL001,BEF,0.232
2043,PRCCTL001,BEF,0.237
2044,PRCCTL001,BEF,0.241
2045,PRCCTL001,BEF,0.246
2046,PRCCTL001,BEF,0.251
2047,PRCCTL001,BEF,0.256
2048,PRCCTL001,BEF,0.261
2049,PRCCTL001,BEF,0.266
2050,PRCCTL001,BEF,0.272
2051,PRCCTL001,BEF,0.277
2052,PRCCTL001,BEF,0.283
2053,PRCCTL001,BEF,0.288
2054,PRCCTL001,BEF,0.294
2055,PRCCTL001,BEF,0.3
2020,PWRBIO001,ELC001,2.76541827091355
2021,PWRBIO001,ELC001,2.93747043447111
2022,PWRBIO001,ELC001,3.25468870492865
2023,PWRBIO001,ELC001,3.25468870492865
2024,PWRBIO001,ELC001,3.84598870492865
2025,PWRBIO001,ELC001,5.02858870492865
2026,PWRBIO001,ELC001,5.02858870492865
2027,PWRBIO001,ELC001,6.21118870492865
2028,PWRBIO001,ELC001,6.21118870492865
2029,PWRBIO001,ELC001,6.21118870492865
2030,PWRBIO001,ELC001,6.21110806089645
2031,PWRBIO001,ELC001,6.21110806089645
2032,PWRBIO001,ELC001,6.21110806089645
2033,PWRBIO001,ELC001,6.21110806089645
2034,PWRBIO001,ELC001,6.21110806089645
2035,PWRBIO001,ELC001,6.21110806089645
2036,PWRBIO001,ELC001,5.854701959642
2037,PWRBIO001,ELC001,5.35310791039552
2038,PWRBIO001,ELC001,5.16875397269864
2039,PWRBIO001,ELC001,4.39310003500175
2040,PWRBIO001,ELC001,7.14102494334143
2041,PWRBIO001,ELC001,7.14102494334143
2042,PWRBIO001,ELC001,7.14102494334143
2043,PWRBIO001,ELC001,6.95664916455249
2044,PWRBIO001,ELC001,11.7085151781361
2045,PWRBIO001,ELC001,14.2055653689267
2046,PWRBIO001,ELC001,16.383493022578
2047,PWRBIO001,ELC001,17.3969198459923
2048,PWRBIO001,ELC001,17.7637297864893
2049,PWRBIO001,ELC001,18.137206860343
2050,PWRBIO001,ELC001,18.5071753587679
2051,PWRBIO001,ELC001,18.9639817990899
2052,PWRBIO001,ELC001,19.4314483724186
2053,PWRBIO001,ELC001,19.8953447672384
2054,PWRBIO001,ELC001,20.3537472873644
2055,PWRBIO001,ELC001,20.8204410220511
2020,PWRDSL001,ELC001,1.18309078814307
2021,PWRDSL001,ELC001,2.58768992443568
2022,PWRDSL001,ELC001,4.38234917276873
2023,PWRDSL001,ELC001,5.90406341882195
2024,PWRDSL001,ELC001,7.39697113390034
2025,PWRDSL001,ELC001,7.884
2026,PWRDSL001,ELC001,4.94657862362508
2027,PWRDSL001,ELC001,3.83211484551683
2028,PWRDSL001,ELC001,4.83737582377655
2029,PWRDSL001,ELC001,4.74046735717285
2030,PWRDSL001,ELC001,7.09724278875213
2031,PWRDSL001,ELC001,5.12624957040968
2032,PWRDSL001,ELC001,3.44768293832439
2033,PWRDSL001,ELC001,1.43013069643233
2040,PWRDSL001,ELC001,1.83553292949582
2041,PWRDSL001,ELC001,0.917918935442388
2055,PWRDSL001,ELC001,0.389199216493349
2020,PWRGAS001,ELC001,41.7726295002697
2021,PWRGAS001,ELC001,43.8180193576711
2022,PWRGAS001,ELC001,46.4999756085889
2023,PWRGAS001,ELC001,48.4038949199871
2024,PWRGAS001,ELC001,51.0054311675763
2025,PWRGAS001,ELC001,53.0304316286658
2026,PWRGAS001,ELC001,59.6593338717274
2027,PWRGAS001,ELC001,59.7085294739462
2028,PWRGAS001,ELC001,62.368710888516
2029,PWRGAS001,ELC001,62.591490935788
2030,PWRGAS001,ELC001,61.5031330880789
2031,PWRGAS001,ELC001,63.5790221014269
2032,PWRGAS001,ELC001,66.5444023045714
2033,PWRGAS001,ELC001,68.7164067941119
2034,PWRGAS001,ELC001,71.4207859099121
2035,PWRGAS001,ELC001,76.2567563567871
2036,PWRGAS001,ELC001,81.6254666183995
2037,PWRGAS001,ELC001,86.9514015064893
2038,PWRGAS001,ELC001,89.8498540385731
2039,PWRGAS001,ELC001,93.2134467073917
2040,PWRGAS001,ELC001,88.3523281447205
2041,PWRGAS001,ELC001,91.6344290248112
2042,PWRGAS001,ELC001,94.9475712137089
2043,PWRGAS001,ELC001,99.9563759087178
2044,PWRGAS001,ELC001,100.401606425703
2045,PWRGAS001,ELC001,100.401606425703
2046,PWRGAS001,ELC001,100.401606425703
2047,PWRGAS001,ELC001,100.401606425703
2048,PWRGAS001,ELC001,100.401606425703
2049,PWRGAS001,ELC001,100.401606425703
2050,PWRGAS001,ELC001,100.401606425703
2051,PWRGAS001,ELC001,100.401606425703
2052,PWRGAS001,ELC001,100.401606425703
2053,PWRGAS001,ELC001,100.401606425703
2054,PWRGAS001,ELC001,100.401606425703
2055,PWRGAS001,ELC001,100.401606425703
2020,PWRHYD001,ELC001,28.3824
2021,PWRHYD001,ELC001,28.3824
2022,PWRHYD001,ELC001,28.3824
2023,PWRHYD001,ELC001,28.3824
2024,PWRHYD001,ELC001,28.3824
2025,PWRHYD001,ELC001,28.3824
2026,PWRHYD001,ELC001,28.3824
2027,PWRHYD001,ELC001,31.9302
2028,PWRHYD001,ELC001,31.9302
2029,PWRHYD001,ELC001,35.478
2030,PWRHYD001,ELC001,39.0258
2031,PWRHYD001,ELC001,42.5736
2032,PWRHYD001,ELC001,46.1214
2033,PWRHYD001,ELC001,49.6692
2034,PWRHYD001,ELC001,53.217
2035,PWRHYD001,ELC001,53.7475257982048
2036,PWRHYD001,ELC001,53.7475257982048
2037,PWRHYD001,ELC001,53.7475257982048
2038,PWRHYD001,ELC001,57.2953257982048
2039,PWRHYD001,ELC001,60.8431257982048
2040,PWRHYD001,ELC001,64.3909257982048
2041,PWRHYD001,ELC001,67.9387257982048
2042,PWRHYD001,ELC001,71.4865257982048
2043,PWRHYD001,ELC001,72.5494805748525
2044,PWRHYD001,ELC001,73.3488982294723
2045,PWRHYD001,ELC001,76.8966982294722
2046,PWRHYD001,ELC001,80.4444982294723
2047,PWRHYD001,ELC001,83.0162219964952
2048,PWRHYD001,ELC001,83.4790245342263
2049,PWRHYD001,ELC001,85.1472
2050,PWRHYD001,ELC001,85.1472000000001
2051,PWRHYD001,ELC001,85.1472
2052,PWRHYD001,ELC001,85.1472
2053,PWRHYD001,ELC001,85.1472
2054,PWRHYD001,ELC001,85.1472
2055,PWRHYD001,ELC001,85.1472
2020,PWRSOL001,ELC002,0.49275
2021,PWRSOL001,ELC002,0.49275
2022,PWRSOL001,ELC002,0.49275
2023,PWRSOL001,ELC002,0.49275
2024,PWRSOL001,ELC002,0.49275
2025,PWRSOL001,ELC002,0.49275
2026,PWRSOL001,ELC002,0.9855
2027,PWRSOL001,ELC002,1.47825
2028,PWRSOL001,ELC002,1.971
2029,PWRSOL001,ELC002,2.46375
2030,PWRSOL001,ELC002,2.9565
2031,PWRSOL001,ELC002,3.44925
2032,PWRSOL001,ELC002,3.942
2033,PWRSOL001,ELC002,4.43475
2034,PWRSOL001,ELC002,4.9275
2035,PWRSOL001,ELC002,5.173875
2036,PWRSOL001,ELC002,5.666625
2037,PWRSOL001,ELC002,6.159375
2038,PWRSOL001,ELC002,6.652125
2039,PWRSOL001,ELC002,7.144875
2040,PWRSOL001,ELC002,7.637625
2041,PWRSOL001,ELC002,8.130375
2042,PWRSOL001,ELC002,8.623125
2043,PWRSOL001,ELC002,9.115875
2044,PWRSOL001,ELC002,9.608625
2045,PWRSOL001,ELC002,10.101375
2046,PWRSOL001,ELC002,10.594125
2047,PWRSOL001,ELC002,14.2087829687722
2048,PWRSOL001,ELC002,19.3507391317266
2049,PWRSOL001,ELC002,24.2707341273633
2050,PWRSOL001,ELC002,30.8287040287113
2051,PWRSOL001,ELC002,32.669325
2052,PWRSOL001,ELC002,32.669325
2053,PWRSOL001,ELC002,32.669325
2054,PWRSOL001,ELC002,32.669325
2055,PWRSOL001,ELC002,32.669325
2020,PWRTRN001,ELC002,67.1366597033937
2021,PWRTRN001,ELC002,70.3964967449201
2022,PWRTRN001,ELC002,74.7109471376576
2023,PWRTRN001,ELC002,77.794017339364
2024,PWRTRN001,ELC002,82.0111869057647
2025,PWRTRN001,ELC002,85.336353300235
2026,PWRTRN001,ELC002,89.102161080253
2027,PWRTRN001,ELC002,92.8442547219525
2028,PWRTRN001,ELC002,96.5866278754991
2029,PWRTRN001,ELC002,100.336407298101
2030,PWRTRN001,ELC002,105.114405543955
2031,PWRTRN001,ELC002,108.84530675946
2032,PWRTRN001,ELC002,113.639933973413
2033,PWRTRN001,ELC002,117.415435996297
2034,PWRTRN001,ELC002,122.198754573728
2035,PWRTRN001,ELC002,127.250338694299
2036,PWRTRN001,ELC002,132.112827076737
2037,PWRTRN001,ELC002,136.898208831696
2038,PWRTRN001,ELC002,141.770523683176
2039,PWRTRN001,ELC002,147.472169978785
2040,PWRTRN001,ELC002,152.329632772302
2041,PWRTRN001,ELC002,158.094165969736
2042,PWRTRN001,ELC002,163.886361897845
2043,PWRTRN001,ELC002,169.628482221426
2044,PWRTRN001,ELC002,175.468819988096
2045,PWRTRN001,ELC002,181.352660159807
2046,PWRTRN001,ELC002,186.949290048093
2047,PWRTRN001,ELC002,190.619400579487
2048,PWRTRN001,ELC002,191.809526809892
2049,PWRTRN001,ELC002,194.090489095557
2050,PWRTRN001,ELC002,194.866935744139
2051,PWRTRN001,ELC002,199.376769445118
2052,PWRTRN001,ELC002,206.737593024569
2053,PWRTRN001,ELC002,214.107549012032
2054,PWRTRN001,ELC002,220.482776030958
2055,PWRTRN001,ELC002,227.867366388404
2020,PWRWND001,ELC001,0.49275
2021,PWRWND001,ELC001,0.49275
2022,PWRWND001,ELC001,0.49275
2023,PWRWND001,ELC001,0.49275
2024,PWRWND001,ELC001,0.49275
2025,PWRWND001,ELC001,0.49275
2026,PWRWND001,ELC001,0.9855
2027,PWRWND001,ELC001,1.47825
2028,PWRWND001,ELC001,1.971
2029,PWRWND001,ELC001,2.46375
2030,PWRWND001,ELC001,2.9565
2031,PWRWND001,ELC001,3.44925
2032,PWRWND001,ELC001,3.942
2033,PWRWND001,ELC001,4.43475
2034,PWRWND001,ELC001,4.9275
2035,PWRWND001,ELC001,5.173875
2036,PWRWND001,ELC001,5.56433570901746
2037,PWRWND001,ELC001,6.05708570901747
2038,PWRWND001,ELC001,5.20887028294173
2039,PWRWND001,ELC001,5.40829410249582
2040,PWRWND001,ELC001,7.53533570901746
2041,PWRWND001,ELC001,8.02808570901747
2042,PWRWND001,ELC001,8.52083570901747
2043,PWRWND001,ELC001,9.01358570901747
2044,PWRWND001,ELC001,9.50633570901747
2045,PWRWND001,ELC001,9.99908570901747
2046,PWRWND001,ELC001,10.4918357090175
2047,PWRWND001,ELC001,10.9845857090175
2048,PWRWND001,ELC001,11.4773357090175
2049,PWRWND001,ELC001,11.9700857090175
2050,PWRWND001,ELC001,12.4628357090175
2051,PWRWND001,ELC001,17.0169556031157
2052,PWRWND001,ELC001,24.7281818958436
2053,PWRWND001,ELC001,32.453125487094
2054,PWRWND001,ELC001,39.0783085435532
2055,PWRWND001,ELC001,46.4275159895348
2020,WATAGR001,WATAGR,0.246329383416017
2021,WATAGR001,WATAGR,0.293661776614449
2022,WATAGR001,WATAGR,0.362460038512922
2023,WATAGR001,WATAGR,0.350070264416537
2024,WATAGR001,WATAGR,0.376858483199078
2025,WATAGR001,WATAGR,0.454997449252941
2026,WATAGR001,WATAGR,0.493967894553614
2027,WATAGR001,WATAGR,0.533182494677817
2028,WATAGR001,WATAGR,0.57246063844146
2029,WATAGR001,WATAGR,0.612203142565663
2030,WATAGR001,WATAGR,0.651485325767541
2031,WATAGR001,WATAGR,0.695960863825301
2032,WATAGR001,WATAGR,0.739356644596563
2033,WATAGR001,WATAGR,0.784363213492558
2034,WATAGR001,WATAGR,0.836542639950319
2035,WATAGR001,WATAGR,0.888480125822785
2036,WATAGR001,WATAGR,0.949845393659957
2037,WATAGR001,WATAGR,1.01101107893377
2038,WATAGR001,WATAGR,1.07443458165735
2039,WATAGR001,WATAGR,1.08417324285797
2040,WATAGR001,WATAGR,1.15953544134514
2041,WATAGR001,WATAGR,1.19152667802055
2042,WATAGR001,WATAGR,1.21648813737364
2043,WATAGR001,WATAGR,1.25702199175025
2044,WATAGR001,WATAGR,1.29594414540213
2045,WATAGR001,WATAGR,1.36654152962858
2046,WATAGR001,WATAGR,1.33176107533182
2047,WATAGR001,WATAGR,1.36406559430843
2048,WATAGR001,WATAGR,1.39637011328505
2049,WATAGR001,WATAGR,1.41857074703813
2050,WATAGR001,WATAGR,1.44789981871595
2051,WATAGR001,WATAGR,1.48287937578668
2052,WATAGR001,WATAGR,1.51869857475861
2053,WATAGR001,WATAGR,1.55497809465287
2054,WATAGR001,WATAGR,1.59026938962481
2055,WATAGR001,WATAGR,1.62685973482027
2020,WATELC001,WATELC,0.0191405177152295
2021,WATELC001,WATELC,0.0207832197196876
2022,WATELC001,WATELC,0.0229598793171471
2023,WATELC001,WATELC,0.0245165605003075
2024,WATELC001,WATELC,0.0266461362965091
2025,WATELC001,WATELC,0.0283278972072666
2026,WATELC001,WATELC,0.0295476622249706
2027,WATELC001,WATELC,0.0296025818950451
2028,WATELC001,WATELC,0.0312059393739312
2029,WATELC001,WATELC,0.0312478558753448
2030,WATELC001,WATELC,0.0320035434994331
2031,WATELC001,WATELC,0.0318494514535512
2032,WATELC001,WATELC,0.0322091883544769
2033,WATELC001,WATELC,0.0320707585518235
2034,WATELC001,WATELC,0.0324501873341212
2035,WATELC001,WATELC,0.0344329352173399
2036,WATELC001,WATELC,0.0364523393129612
2037,WATELC001,WATELC,0.0383801596519623
2038,WATELC001,WATELC,0.0394745046818913
2039,WATELC001,WATELC,0.0404579941678815
2040,WATELC001,WATELC,0.0408024990544824
2041,WATELC001,WATELC,0.0416801772783523
2042,WATELC001,WATELC,0.0425704269187248
2043,WATELC001,WATELC,0.0445300051964961
2044,WATELC001,WATELC,0.0471360013753876
2045,WATELC001,WATELC,0.0484094969726907
2046,WATELC001,WATELC,0.0495202400760529
2047,WATELC001,WATELC,0.0500370877559942
2048,WATELC001,WATELC,0.0502241608256477
2049,WATELC001,WATELC,0.0504146341333131
2050,WATELC001,WATELC,0.0506033180675098
2051,WATELC001,WATELC,0.050836289352074
2052,WATELC001,WATELC,0.0510746973044717
2053,WATELC001,WATELC,0.0513112844658297
2054,WATELC001,WATELC,0.051545069751094
2055,WATELC001,WATELC,0.0519815751561958
2020,WATSUR001,WAT001,1.05207476630977
2021,WATSUR001,WAT001,1.40542487098238
2022,WATSUR001,WAT001,1.30675386108614
2023,WATSUR001,WAT001,33.3242206409855
2024,WATSUR001,WAT001,33.8367414192961
2025,WATSUR001,WAT001,66.0030371268668
2026,WATSUR001,WAT001,2.00218826147211
2027,WATSUR001,WAT001,33.9459851718124
2028,WATSUR001,WAT001,2.19151803641344
2029,WATSUR001,WAT001,99.4550047658137
2030,WATSUR001,WAT001,132.314498727164
2031,WATSUR001,WAT001,2.56376342613191
2032,WATSUR001,WAT001,2.80001626094889
2033,WATSUR001,WAT001,2.92288696687266
2034,WATSUR001,WAT001,133.993793512721
2035,WATSUR001,WAT001,101.63293817203
2036,WATSUR001,WAT001,134.828950404084
2037,WATSUR001,WAT001,3.51629020573979
2038,WATSUR001,WAT001,3.13152575643805
2039,WATSUR001,WAT001,69.470243131971
2040,WATSUR001,WAT001,69.8319782626862
2041,WATSUR001,WAT001,137.379577190194
2042,WATSUR001,WAT001,4.26069425424517
2043,WATSUR001,WAT001,70.7309038764078
2044,WATSUR001,WAT001,71.0044587653776
2045,WATSUR001,WAT001,105.681348722644
2046,WATSUR001,WAT001,140.050481066022
2047,WATSUR001,WAT001,4.61844502724915
2048,WATSUR001,WAT001,140.869412216536
2049,WATSUR001,WAT001,4.35825635470279
2050,WATSUR001,WAT001,5.01293910847336
2051,WATSUR001,WAT001,142.312026932695
2052,WATSUR001,WAT001,142.895718903215
2053,WATSUR001,WAT001,5.38438695838658
2054,WATSUR001,WAT001,5.14309543707001
2055,WATSUR001,WAT001,5.28310499730272
2020,WATTRN001,WAT002,0.541
2021,WATTRN001,WAT002,0.581
2022,WATTRN001,WAT002,0.622
2023,WATTRN001,WAT002,0.664
2024,WATTRN001,WAT002,0.707
2025,WATTRN001,WAT002,0.752
2026,WATTRN001,WAT002,0.799
2027,WATTRN001,WAT002,0.846
2028,WATTRN001,WAT002,0.896
2029,WATTRN001,WAT002,0.947
2030,WATTRN001,WAT002,1.0
2031,WATTRN001,WAT002,1.054
2032,WATTRN001,WAT002,1.11
2033,WATTRN001,WAT002,1.168
2034,WATTRN001,WAT002,1.227
2035,WATTRN001,WAT002,1.289
2036,WATTRN001,WAT002,1.352
2037,WATTRN001,WAT002,1.417
2038,WATTRN001,WAT002,1.484
2039,WATTRN001,WAT002,1.554
2040,WATTRN001,WAT002,1.625
2041,WATTRN001,WAT002,1.698
2042,WATTRN001,WAT002,1.774
2043,WATTRN001,WAT002,1.852
2044,WATTRN001,WAT002,1.932
2045,WATTRN001,WAT002,2.015
2046,WATTRN001,WAT002,2.1
2047,WATTRN001,WAT002,2.187
2048,WATTRN001,WAT002,2.277
2049,WATTRN001,WAT002,2.37
2050,WATTRN001,WAT002,2.465
2051,WATTRN001,WAT002,2.56
2052,WATTRN001,WAT002,2.658
2053,WATTRN001,WAT002,2.759
2054,WATTRN001,WAT002,2.863
2055,WATTRN001,WAT002,2.969
